判定日,監視順位,ティッカー,銘柄名,逆PO→上昇PO転換,逆PO転換準備,初動75GC200シグナル,押し目候補シグナル,押し目スコア,PO形成からの日数,PO形成(直近),25日GC75(直近),25日GC200(直近厳選),75日GC200(直近厳選),総合スコア,トレンドスコア,業績スコア,強さスコア,終値,売買代金(百万円),時価総額(十億円),売上成長率(%),利益率(%),ROE(%),20日騰落率(%),60日騰落率(%),52週高値差(%),出来高倍率(20日),25日線タッチ,75日線タッチ,25日線上で引け,75日線上で引け,25日線戻せず,75日線戻せず,支持反応OK,25日押し目候補,75日押し目候補,長期上向きOK,出来高条件OK,支持痕跡OK,押し深さOK,MA75質フィルタOK,MA75質タッチ,MA75翌日質シグナル,下落出来高急増,25日線傾き(%),75日線傾き(%),セクター,業種
2026-10-07,1,8707.T,岩井コスモホールディングス,False,False,True,True,10.5,0,True,True,True,True,31.85,10.3,10.45,11.1,4635.0,399.537,106.874,40.2,33.735,16.564,0.304,11.754,2.57,0.853,True,False,True,False,False,False,True,True,False,True,False,True,True,False,False,False,False,0.185,1.118,Financial Services,Capital Markets
2026-10-07,2,7826.T,フルヤ金属,False,False,True,False,6.5,0,True,True,True,True,31.5,10.3,10.57,10.63,11790.0,2201.193,276.742,53.3,16.012,22.424,13.039,69.885,5.004,0.366,False,False,False,False,False,False,False,False,False,True,False,True,True,False,False,False,False,5.767,2.439,Technology,Electronic Components
2026-10-07,3,4684.T,オービック,False,False,True,False,7.5,0,True,True,True,True,28.57,10.3,9.42,9.36,5110.0,7569.443,2221.684,13.2,56.193,16.646,1.508,25.179,0.665,0.918,False,False,False,False,False,False,False,False,False,True,False,True,False,False,False,False,False,1.082,1.856,Technology,Software - Application
2026-10-07,4,2121.T,ＭＩＸＩ,False,False,True,False,7.5,0,True,True,True,True,28.41,10.3,7.93,10.17,3695.0,1162.447,241.318,50.3,11.587,10.924,2.714,27.607,3.484,1.045,False,False,False,False,False,False,False,False,False,True,True,True,True,True,False,False,False,0.941,2.32,Communication Services,Electronic Gaming & Multimedia
2026-10-07,5,2371.T,カカクコム,False,False,True,False,8.5,0,True,True,True,True,28.23,10.3,10.07,7.86,3804.0,1074.63,752.767,17.0,18.889,30.614,3.089,4.219,1.709,0.963,False,False,False,False,False,False,False,False,False,True,False,False,False,False,False,False,False,0.735,0.869,Communication Services,Internet Content & Information
2026-10-07,6,2492.T,インフォマート,False,False,True,False,6.5,0,True,True,True,True,27.24,10.3,5.48,11.46,732.0,2633.224,190.609,8.3,11.325,10.783,4.571,47.581,4.918,1.084,False,False,False,False,False,False,False,False,False,True,True,True,True,True,False,False,False,3.4,4.426,Technology,Software - Application
2026-10-07,7,8130.T,サンゲツ,False,False,True,True,11.5,0,True,True,True,True,26.53,10.3,5.49,10.74,3145.0,230.529,183.723,9.2,7.876,14.123,1.342,6.888,2.002,0.609,True,False,True,False,False,False,True,True,False,True,False,True,False,False,False,False,False,0.033,0.683,Consumer Cyclical,"Furnishings, Fixtures & Appliances"
2026-10-07,8,4812.T,電通総研,False,False,True,False,7.5,0,True,True,True,True,25.36,10.3,6.76,8.29,2867.0,1447.835,559.386,12.1,10.139,17.539,0.561,6.461,2.197,0.703,False,False,False,False,False,False,False,False,False,True,False,True,True,False,False,False,False,0.711,2.192,Technology,Information Technology Services
2026-10-07,9,4206.T,アイカ工業,False,False,True,False,6.5,0,True,True,True,True,25.16,10.3,5.87,8.99,4292.0,985.014,271.01,19.4,7.134,10.352,6.781,17.408,0.815,0.91,False,False,False,False,False,False,False,False,False,True,False,True,False,False,False,False,False,0.976,1.403,Industrials,Conglomerates
2026-10-07,10,4722.T,フューチャー,False,False,False,False,6.0,0,True,True,True,True,21.35,6.8,7.8,6.75,2427.0,366.234,215.128,9.5,15.643,19.635,-0.777,40.451,1.854,0.234,True,False,False,False,True,False,False,False,False,True,False,False,False,False,False,False,False,-0.186,2.983,Technology,Information Technology Services
