ticker,name
1301.T,極洋
1332.T,ニッスイ
1333.T,マルハニチロ
1375.T,ユキグニファクトリー
1376.T,カネコ種苗
1377.T,サカタのタネ
1379.T,ホクト
1380.T,秋川牧園
1381.T,アクシーズ
1382.T,ホーブ
1383.T,ベルグアース
1384.T,ホクリヨウ
1401.T,エムビーエス
1407.T,ウエストホールディングス
1414.T,ショーボンドホールディングス
1417.T,ミライト・ワン
1418.T,インターライフホールディングス
1419.T,タマホーム
1420.T,サンヨーホームズ
1429.T,日本アクア
1430.T,ファーストコーポレーション
1431.T,Ｌｉｂ　Ｗｏｒｋ
1433.T,ベステラ
1434.T,ＪＥＳＣＯホールディングス
1435.T,ｒｏｂｏｔ　ｈｏｍｅ
1436.T,グリーンエナジー＆カンパニー
1438.T,岐阜造園
1443.T,技研ホールディングス
1444.T,ニッソウ
1447.T,ＳＡＡＦホールディングス
1450.T,ＴＡＮＡＫＥＮ
1491.T,中外鉱業
1514.T,住石ホールディングス
1515.T,日鉄鉱業
1518.T,三井松島ホールディングス
1605.T,ＩＮＰＥＸ
1662.T,石油資源開発
1663.T,Ｋ＆Ｏエナジーグループ
1711.T,ＳＤＳホールディングス
1716.T,第一カッター興業
1717.T,明豊ファシリティワークス
1718.T,美樹工業
1719.T,安藤・間
1720.T,東急建設
1721.T,コムシスホールディングス
1723.T,日本電技
1724.T,シンクレイヤ
1736.T,オーテック
1758.T,太洋基礎工業
1762.T,高松コンストラクショングループ
1764.T,工藤建設
1766.T,東建コーポレーション
1768.T,ソネック
1770.T,藤田エンジニアリング
1773.T,ワイ・ティー・エル・コーポレーション・バーハッド
1780.T,ヤマウラ
1783.T,ｆａｎｔａｓｉｓｔａ
1786.T,オリエンタル白石
1787.T,ナカボーテック
1788.T,三東工業社
1793.T,大本組
1795.T,マサル
1798.T,守谷商会
1799.T,第一建設工業
1801.T,大成建設
1802.T,大林組
1803.T,清水建設
1807.T,佐藤渡辺
1808.T,長谷工コーポレーション
1810.T,松井建設
1811.T,錢高組
1812.T,鹿島建設
1813.T,不動テトラ
1814.T,大末建設
1815.T,鉄建建設
1820.T,西松建設
1822.T,大豊建設
1826.T,佐田建設
1827.T,ナカノフドー建設
1833.T,奥村組
1835.T,東鉄工業
1840.T,土屋ホールディングス
1844.T,大盛工業
1847.T,イチケン
1848.T,富士ピー・エス
1850.T,南海辰村建設
1852.T,淺沼組
1853.T,森組
1860.T,戸田建設
1861.T,熊谷組
1866.T,北野建設
1867.T,植木組
1870.T,矢作建設工業
1871.T,ピーエス・コンストラクション
1873.T,日本ハウスホールディングス
1878.T,大東建託
1879.T,新日本建設
1882.T,東亜道路工業
1885.T,東亜建設工業
1887.T,日本国土開発
1888.T,若築建設
1893.T,五洋建設
1897.T,金下建設
1898.T,世紀東急工業
1899.T,福田組
1904.T,大成温調
1905.T,テノックス
1909.T,日本ドライケミカル
1911.T,住友林業
1914.T,日本基礎技術
1921.T,巴コーポレーション
1925.T,大和ハウス工業
1926.T,ライト工業
1928.T,積水ハウス
1929.T,日特建設
1930.T,北陸電気工事
1934.T,ユアテック
1938.T,日本リーテック
1939.T,四電工
1941.T,中電工
1942.T,関電工
1944.T,きんでん
1945.T,東京エネシス
1946.T,トーエネック
1948.T,弘電社
1950.T,日本電設工業
1951.T,エクシオグループ
1952.T,新日本空調
1959.T,クラフティア
1960.T,サンテック
1961.T,三機工業
1963.T,日揮ホールディングス
1964.T,中外炉工業
1965.T,テクノ菱和
1966.T,高田工業所
1967.T,ヤマト
1968.T,太平電業
1969.T,高砂熱学工業
1972.T,三晃金属工業
1975.T,朝日工業社
1976.T,明星工業
1979.T,大氣社
1980.T,ダイダン
1981.T,協和日成
1982.T,日比谷総合設備
1992.T,神田通信機
1994.T,高橋カーテンウォール工業
1997.T,暁飯島工業
2001.T,ニップン
2002.T,日清製粉グループ本社
2003.T,日東富士製粉
2004.T,昭和産業
2009.T,鳥越製粉
2053.T,中部飼料
2055.T,日和産業
2060.T,フィード・ワン
2108.T,日本甜菜製糖
2109.T,ＤＭ三井製糖
2112.T,塩水港精糖
2114.T,フジ日本
2117.T,ウェルネオシュガー
2120.T,ＬＩＦＵＬＬ
2121.T,ＭＩＸＩ
2122.T,インタースペース
2124.T,ジェイエイシーリクルートメント
2127.T,日本Ｍ＆Ａセンターホールディングス
2130.T,メンバーズ
2134.T,北浜キャピタルパートナーズ
2136.T,ヒップ
2138.T,クルーズ
2139.T,中広
2146.T,ＵＴグループ
2148.T,アイティメディア
2152.T,幼児活動研究会
2153.T,Ｅ・Ｊホールディングス
2154.T,オープンアップグループ
2156.T,セーラー広告
2157.T,コシダカホールディングス
2158.T,ＦＲＯＮＴＥＯ
2160.T,ジーエヌアイグループ
2162.T,ｎｍｓ　ホールディングス
2163.T,アルトナー
2164.T,地域新聞社
2168.T,パソナグループ
2169.T,ＣＤＳ
2170.T,リンクアンドモチベーション
2173.T,博展
2175.T,エス・エム・エス
2179.T,成学社
2180.T,サニーサイドアップグループ
2181.T,パーソルホールディングス
2183.T,リニカル
2185.T,シイエム・シイ
2186.T,ソーバル
2193.T,クックパッド
2195.T,アミタホールディングス
2198.T,アイ・ケイ・ケイホールディングス
2201.T,森永製菓
2204.T,中村屋
2206.T,江崎グリコ
2207.T,ｍｅｉｔｏ
2208.T,ブルボン
2209.T,井村屋グループ
2211.T,不二家
2212.T,山崎製パン
2215.T,第一屋製パン
2216.T,カンロ
2217.T,モロゾフ
2220.T,亀田製菓
2221.T,岩塚製菓
2222.T,寿スピリッツ
2224.T,コモ
2226.T,湖池屋
2229.T,カルビー
2264.T,森永乳業
2266.T,六甲バター
2267.T,ヤクルト本社
2268.T,Ｂ－Ｒ　サーティワン　アイスクリーム
2269.T,明治ホールディングス
2270.T,雪印メグミルク
2281.T,プリマハム
2282.T,日本ハム
2286.T,林兼産業
2288.T,丸大食品
2291.T,福留ハム
2292.T,Ｓ　Ｆｏｏｄｓ
2293.T,滝沢ハム
2294.T,柿安本店
2296.T,伊藤ハム米久ホールディングス
2300.T,きょくとう
2301.T,学情
2303.T,ドーン
2304.T,ＣＳＳホールディングス
2305.T,スタジオアリス
2307.T,クロスキャット
2311.T,エプコ
2315.T,ＣＡＩＣＡ　ＤＩＧＩＴＡＬ
2317.T,システナ
2321.T,ソフトフロントホールディングス
2323.T,ｆｏｎｆｕｎ
2325.T,ＮＪＳ
2326.T,デジタルアーツ
2327.T,日鉄ソリューションズ
2329.T,東北新社
2330.T,フォーサイド
2331.T,ＡＬＳＯＫ
2332.T,クエスト
2334.T,イオレ
2335.T,キューブシステム
2337.T,いちご
2338.T,クオンタムソリューションズ
2340.T,極楽湯ホールディングス
2341.T,アルバイトタイムス
2342.T,トランスジェニックグループ
2345.T,ＨＯＤＬ１
2349.T,エヌアイデイ
2351.T,ＡＳＪ
2353.T,日本駐車場開発
2354.T,ＹＥ　ＤＩＧＩＴＡＬ
2359.T,コア
2370.T,メディネット
2371.T,カカクコム
2373.T,ケア２１
2375.T,ギグワークス
2376.T,サイネックス
2378.T,ルネサンス
2379.T,ディップ
2384.T,ＳＢＳホールディングス
2385.T,総医研ホールディングス
2388.T,ウェッジホールディングス
2391.T,プラネット
2393.T,日本ケアサプライ
2395.T,新日本科学
2404.T,鉄人化ホールディングス
2408.T,ＫＧ情報
2410.T,キャリアデザインセンター
2411.T,ゲンダイエージェンシー
2413.T,エムスリー
2415.T,ヒューマンホールディングス
2418.T,ツカダ・グローバルホールディング
2425.T,ケアサービス
2428.T,ウェルネット
2429.T,ワールドホールディングス
2432.T,ディー・エヌ・エー
2433.T,博報堂ＤＹホールディングス
2435.T,シダー
2436.T,共同ピーアール
2437.T,Ｓｈｉｎｗａ　Ｗｉｓｅ　Ｈｏｌｄｉｎｇｓ
2438.T,アスカネット
2440.T,ぐるなび
2445.T,タカミヤ
2449.T,プラップジャパン
2454.T,オールアバウト
2459.T,アウンコンサルティング
2461.T,ファンコミュニケーションズ
2462.T,ライク
2464.T,Ａｏｂａ‐ＢＢＴ
2469.T,ヒビノ
2471.T,エスプール
2475.T,ＷＤＢホールディングス
2477.T,手間いらず
2479.T,ジェイテック
2480.T,システム・ロケーション
2481.T,タウンニュース社
2483.T,翻訳センター
2484.T,出前館
2485.T,ティア
2488.T,ＪＴＰ
2489.T,アドウェイズ
2491.T,バリューコマース
2492.T,インフォマート
2493.T,イーサポートリンク
2497.T,ユナイテッド
2498.T,オリエンタルコンサルタンツホールディングス
2499.T,日本和装ホールディングス
2501.T,サッポロホールディングス
2502.T,アサヒグループホールディングス
2503.T,キリンホールディングス
2531.T,宝ホールディングス
2533.T,オエノンホールディングス
2573.T,北海道コカ・コーラボトリング
2579.T,コカ・コーラ　ボトラーズジャパンホールディングス
2585.T,ライフドリンク　カンパニー
2586.T,フルッタフルッタ
2587.T,サントリー食品インターナショナル
2588.T,プレミアムウォーターホールディングス
2590.T,ダイドーグループホールディングス
2593.T,伊藤園
2594.T,キーコーヒー
2597.T,ユニカフェ
2602.T,日清オイリオグループ
2607.T,不二製油
2612.T,かどや製油
2613.T,Ｊ－オイルミルズ
2652.T,まんだらけ
2653.T,イオン九州
2654.T,アスモ
2656.T,ベクターホールディングス
2659.T,サンエー
2664.T,カワチ薬品
2666.T,オートウェーブ
2667.T,イメージ　ワン
2668.T,タビオ
2669.T,カネ美食品
2670.T,エービーシー・マート
2673.T,夢みつけ隊
2674.T,ハードオフコーポレーション
2676.T,高千穂交易
2678.T,アスクル
2681.T,ゲオホールディングス
2683.T,魚喜
2685.T,アンドエスティＨＤ
2687.T,シー・ヴイ・エス・ベイエリア
2689.T,オルバヘルスケアホールディングス
2693.T,ＹＫＴ
2694.T,焼肉坂井ホールディングス
2695.T,くら寿司
2698.T,キャンドゥ
2700.T,木徳神糧
2702.T,日本マクドナルドホールディングス
2705.T,大戸屋ホールディングス
2708.T,久世
2721.T,ジェイホールディングス
2722.T,ＩＫホールディングス
2726.T,パルグループホールディングス
2730.T,エディオン
2733.T,あらた
2734.T,サーラコーポレーション
2735.T,ワッツ
2736.T,フェスタリアホールディングス
2737.T,トーメンデバイス
2742.T,ハローズ
2747.T,北雄ラッキー
2749.T,ＪＰホールディングス
2750.T,石光商事
2751.T,テンポスホールディングス
2752.T,フジオフードグループ本社
2753.T,あみやき亭
2760.T,東京エレクトロン　デバイス
2762.T,ＳＡＮＫＯ　ＭＡＲＫＥＴＩＮＧ　ＦＯＯＤＳ
2764.T,ひらまつ
2767.T,円谷フィールズホールディングス
2768.T,双日
2769.T,ヴィレッジヴァンガードコーポレーション
2776.T,新都ホールディングス
2778.T,パレモ・ホールディングス
2780.T,コメ兵ホールディングス
2782.T,セリア
2784.T,アルフレッサ　ホールディングス
2788.T,アップルインターナショナル
2789.T,カルラ
2790.T,ナフコ
2791.T,大黒天物産
2792.T,ハニーズホールディングス
2795.T,日本プリメックス
2796.T,ファーマライズホールディングス
2798.T,ワイズテーブルコーポレーション
2801.T,キッコーマン
2802.T,味の素
2804.T,ブルドックソース
2805.T,ヱスビー食品
2806.T,ユタカフーズ
2809.T,キユーピー
2810.T,ハウス食品グループ本社
2811.T,カゴメ
2813.T,和弘食品
2814.T,佐藤食品工業
2815.T,アリアケジャパン
2816.T,ダイショー
2818.T,ピエトロ
2819.T,エバラ食品工業
2820.T,やまみ
2831.T,はごろもフーズ
2871.T,ニチレイ
2872.T,セイヒョー
2874.T,横浜冷凍
2875.T,東洋水産
2876.T,デルソーレ
2877.T,日東ベスト
2882.T,イートアンドホールディングス
2883.T,大冷
2884.T,ヨシムラ・フード・ホールディングス
2892.T,日本食品化工
2894.T,石井食品
2897.T,日清食品ホールディングス
2901.T,ウェルディッシュ
2903.T,シノブフーズ
2904.T,一正蒲鉾
2907.T,あじかん
2908.T,フジッコ
2910.T,ロック・フィールド
2911.T,旭松食品
2914.T,日本たばこ産業
2915.T,ケンコーマヨネーズ
2916.T,仙波糖化工業
2917.T,大森屋
2918.T,わらべや日洋ホールディングス
2922.T,なとり
2923.T,サトウ食品
2924.T,イフジ産業
2926.T,篠崎屋
2927.T,ＡＦＣ－ＨＤアムスライフサイエンス
2929.T,ファーマフーズ
2930.T,北の達人コーポレーション
2931.T,ユーグレナ
2932.T,ＳＴＩフードホールディングス
2933.T,紀文食品
2934.T,ジェイフロンティア
2935.T,ピックルスホールディングス
2936.T,ベースフード
2937.T,サンクゼール
2938.T,オカムラ食品工業
2961.T,日本調理機
2962.T,テクニスコ
2970.T,ＧＬＣ　ＧＲＯＵＰ
2975.T,スター・マイカ・ホールディングス
2978.T,ツクルバ
2980.T,ＳＲＥホールディングス
2981.T,ランディックス
2982.T,ＡＤワークスグループ
2983.T,アールプランナー
2984.T,ヤマイチエステート
2986.T,ＬＡホールディングス
2990.T,アイダ設計
2991.T,ランドネット
2993.T,長栄
2997.T,ストレージ王
2998.T,クリアル
2999.T,ホームポジション
3001.T,片倉工業
3002.T,グンゼ
3003.T,ヒューリック
3004.T,神栄
3010.T,ポラリス・ホールディングス
3011.T,バナーズ
3020.T,アプライド
3021.T,パシフィックネット
3023.T,ラサ商事
3024.T,クリエイト
3028.T,アルペン
3030.T,ハブ
3031.T,ラクーンホールディングス
3034.T,クオールホールディングス
3035.T,ケイティケイ
3036.T,アルコニックス
3038.T,神戸物産
3040.T,ソリトンシステムズ
3041.T,ビューティカダンホールディングス
3042.T,セキュアヴェイル
3045.T,カワサキ
3046.T,ジンズホールディングス
3048.T,ビックカメラ
3050.T,ＤＣＭホールディングス
3053.T,ペッパーフードサービス
3054.T,ハイパー
3058.T,三洋堂ホールディングス
3059.T,ヒラキ
3063.T,ジェイグループホールディングス
3064.T,ＭｏｎｏｔａＲＯ
3065.T,ライフフーズ
3067.T,東京一番フーズ
3068.T,ＷＤＩ
3069.T,ＪＦＬＡホールディングス
3070.T,ジェリービーンズグループ
3071.T,ストリーム
3075.T,銚子丸
3076.T,あい　ホールディングス
3077.T,ホリイフードサービス
3079.T,ディーブイエックス
3080.T,ジェーソン
3082.T,きちりホールディングス
3083.T,スターシーズ
3086.T,Ｊ．フロント　リテイリング
3087.T,ドトール・日レスホールディングス
3088.T,マツキヨココカラ＆カンパニー
3089.T,テクノアルファ
3091.T,ブロンコビリー
3092.T,ＺＯＺＯ
3093.T,トレジャー・ファクトリー
3096.T,オーシャンシステム
3097.T,物語コーポレーション
3099.T,三越伊勢丹ホールディングス
3101.T,東洋紡
3103.T,ユニチカ
3104.T,富士紡ホールディングス
3105.T,日清紡ホールディングス
3106.T,倉敷紡績
3107.T,ダイワボウホールディングス
3109.T,シキボウ
3110.T,日東紡績
3111.T,オーミケンシ
3113.T,ＵＮＩＶＡ・Ｏａｋホールディングス
3116.T,トヨタ紡織
3121.T,マーチャント・バンカーズ
3123.T,サイボー
3131.T,シンデン・ハイテックス
3132.T,マクニカホールディングス
3133.T,海帆
3134.T,Ｈａｍｅｅ
3135.T,マーケットエンタープライズ
3137.T,ファンデリー
3139.T,ラクト・ジャパン
3140.T,ＢＲＵＮＯ
3143.T,オーウイル
3148.T,クリエイトＳＤホールディングス
3150.T,グリムス
3151.T,バイタルケーエスケー・ホールディングス
3153.T,八洲電機
3154.T,メディアスホールディングス
3156.T,レスター
3157.T,ジオリーブグループ
3159.T,丸善ＣＨＩホールディングス
3160.T,大光
3161.T,アゼアス
3166.T,ＯＣＨＩホールディングス
3167.T,ＴＯＫＡＩホールディングス
3168.T,ＭＥＲＦ
3169.T,ミサワ
3172.T,ティーライフ
3173.T,Ｃｏｍｉｎｉｘ
3174.T,ハピネス・アンド・ディ
3175.T,エー・ピーホールディングス
3176.T,三洋貿易
3177.T,ありがとうサービス
3178.T,チムニー
3179.T,シュッピン
3180.T,ビューティガレージ
3181.T,買取王国
3182.T,オイシックス・ラ・大地
3183.T,ウイン・パートナーズ
3184.T,ＩＣＤＡホールディングス
3185.T,夢展望
3186.T,ネクステージ
3187.T,ミラタップ
3189.T,ＡＮＡＰホールディングス
3190.T,ホットマン
3191.T,ジョイフル本田
3192.T,白鳩
3193.T,エターナルホスピタリティグループ
3195.T,ジェネレーションパス
3196.T,ホットランドホールディングス
3197.T,すかいらーくホールディングス
3199.T,綿半ホールディングス
3201.T,日本毛織
3202.T,ダイトウボウ
3204.T,トーア紡コーポレーション
3205.T,ダイドーリミテッド
3221.T,ヨシックスホールディングス
3222.T,ユナイテッド・スーパーマーケット・ホールディングス
3223.T,エスエルディー
3224.T,ゼネラル・オイスター
3231.T,野村不動産ホールディングス
3232.T,三重交通グループホールディングス
3236.T,プロパスト
3237.T,イントランス
3238.T,セントラル総合開発
3241.T,ウィル
3242.T,アーバネットコーポレーション
3245.T,ディア・ライフ
3246.T,コーセーアールイー
3248.T,アールエイジ
3252.T,地主
3261.T,グランディーズ
3266.T,ファンドクリエーショングループ
3267.T,フィル・カンパニー
3276.T,ＪＰＭＣ
3277.T,サンセイランディック
3280.T,エストラスト
3284.T,フージャースホールディングス
3286.T,トラストホールディングス
3288.T,オープンハウスグループ
3289.T,東急不動産ホールディングス
3291.T,飯田グループホールディングス
3293.T,アズマハウス
3297.T,東武住販
3299.T,ムゲンエステート
3300.T,アンビション　ＤＸ　ホールディングス
3302.T,帝国繊維
3306.T,日本製麻
3315.T,日本コークス工業
3317.T,フライングガーデン
3320.T,クロスプラス
3321.T,ミタチ産業
3323.T,レカム
3326.T,ランシステム
3329.T,東和フードサービス
3333.T,あさひ
3349.T,コスモス薬品
3350.T,メタプラネット
3352.T,バッファロー
3353.T,メディカル一光グループ
3355.T,クリヤマホールディングス
3358.T,Ｔｒａｉｌｈｅａｄ　Ｇｌｏｂａｌ　Ｈｏｌｄｉｎｇｓ
3359.T,ｃｏｔｔａ
3360.T,シップヘルスケアホールディングス
3361.T,トーエル
3370.T,フジタコーポレーション
3371.T,ソフトクリエイトホールディングス
3372.T,関門海
3374.T,内外テック
3375.T,ＺＯＡ
3377.T,バイク王＆カンパニー
3382.T,セブン＆アイ・ホールディングス
3386.T,コスモ・バイオ
3387.T,クリエイト・レストランツ・ホールディングス
3388.T,明治電機工業
3391.T,ツルハホールディングス
3392.T,デリカフーズホールディングス
3393.T,スターティアホールディングス
3395.T,サンマルクホールディングス
3396.T,フェリシモ
3397.T,トリドールホールディングス
3399.T,丸千代山岡家
3401.T,帝人
3402.T,東レ
3405.T,クラレ
3407.T,旭化成
3409.T,北紡
3415.T,ＴＯＫＹＯ　ＢＡＳＥ
3416.T,ピクスタ
3417.T,大木ヘルスケアホールディングス
3418.T,バルニバービ
3420.T,ケー・エフ・シー
3421.T,稲葉製作所
3422.T,Ｊ－ＭＡＸ
3423.T,エスイー
3426.T,アトムリビンテック
3431.T,宮地エンジニアリンググループ
3433.T,トーカロ
3434.T,アルファＣｏ
3435.T,サンコーテクノ
3436.T,ＳＵＭＣＯ
3437.T,特殊電極
3439.T,三ツ知
3440.T,日創グループ
3441.T,山王
3443.T,川田テクノロジーズ
3444.T,菊池製作所
3445.T,ＲＳ　Ｔｅｃｈｎｏｌｏｇｉｅｓ
3446.T,ジェイテックコーポレーション
3447.T,信和
3449.T,テクノフレックス
3452.T,ビーロット
3454.T,ファーストブラザーズ
3457.T,Ａｎｄ　Ｄｏホールディングス
3461.T,パルマ
3465.T,ケイアイスター不動産
3467.T,アグレ都市デザイン
3469.T,デュアルタップ
3474.T,Ｇ－ＦＡＣＴＯＲＹ
3475.T,グッドコムアセット
3477.T,フォーライフ
3479.T,ティーケーピー
3480.T,ジェイ・エス・ビー
3482.T,ロードスターキャピタル
3484.T,イノベーションホールディングス
3486.T,グローバル・リンク・マネジメント
3490.T,アズ企画設計
3491.T,ＧＡ　ｔｅｃｈｎｏｌｏｇｉｅｓ
3494.T,マリオン
3495.T,香陵住販
3496.T,アズーム
3498.T,霞ヶ関キャピタル
3501.T,ＳＵＭＩＮＯＥ
3512.T,日本フエルト
3513.T,イチカワ
3521.T,テルマー湯ホールディングス
3524.T,日東製網
3529.T,アツギ
3536.T,アクサスホールディングス
3537.T,昭栄薬品
3538.T,ウイルプラスホールディングス
3539.T,ＪＭホールディングス
3542.T,ベガコーポレーション
3543.T,コメダホールディングス
3544.T,サツドラホールディングス
3547.T,串カツ田中ホールディングス
3548.T,バロックジャパンリミテッド
3549.T,クスリのアオキホールディングス
3550.T,スタジオアタオ
3551.T,ダイニック
3553.T,共和レザー
3556.T,リネットジャパングループ
3557.T,ユナイテッド＆コレクティブ
3558.T,ジェイドグループ
3559.T,ピーバンドットコム
3560.T,ほぼ日
3561.T,力の源ホールディングス
3562.T,Ｎｏ．１
3563.T,ＦＯＯＤ　＆　ＬＩＦＥ　ＣＯＭＰＡＮＩＥＳ
3565.T,アセンテック
3566.T,ユニフォームネクスト
3569.T,セーレン
3571.T,ソトー
3577.T,東海染工
3580.T,小松マテーレ
3583.T,オーベクス
3591.T,ワコールホールディングス
3597.T,自重堂
3598.T,山喜
3600.T,フジックス
3607.T,クラウディアホールディングス
3608.T,ＴＳＩホールディングス
3611.T,マツオカコーポレーション
3612.T,ワールド
3622.T,ネットイヤーグループ
3623.T,ビリングシステム
3624.T,アクセルマーク
3625.T,テックファームホールディングス
3626.T,ＴＩＳ
3627.T,テクミラホールディングス
3628.T,データホライゾン
3632.T,グリーホールディングス
3633.T,ＧＭＯペパボ
3634.T,ソケッツ
3635.T,コーエーテクモホールディングス
3636.T,三菱総合研究所
3639.T,ボルテージ
3640.T,電算
3641.T,パピレス
3645.T,メディカルネット
3646.T,駅探
3647.T,アスリナ
3648.T,ＡＧＳ
3649.T,ファインデックス
3652.T,ディジタルメディアプロフェッショナル
3653.T,モルフォ
3656.T,ＫＬａｂ
3657.T,ポールトゥウィンホールディングス
3659.T,ネクソン
3660.T,アイスタイル
3661.T,エムアップホールディングス
3662.T,エイチームホールディングス
3663.T,セルシス
3664.T,モブキャストホールディングス
3665.T,エニグモ
3667.T,ｅｎｉｓｈ
3668.T,コロプラ
3671.T,ソフトマックス
3672.T,オルトプラス
3673.T,ブロードリーフ
3674.T,オークファン
3675.T,クロス・マーケティンググループ
3676.T,デジタルハーツホールディングス
3678.T,メディアドゥ
3679.T,じげん
3680.T,ホットリンク
3682.T,エンカレッジ・テクノロジ
3683.T,サイバーリンクス
3686.T,ディー・エル・イー
3687.T,フィックスターズ
3690.T,イルグルム
3691.T,デジタルプラス
3692.T,ＦＦＲＩセキュリティ
3694.T,オプティム
3695.T,ＧＭＯプロダクトプラットフォーム
3696.T,セレス
3697.T,ＳＨＩＦＴ
3698.T,ＣＲＩ・ミドルウェア
3708.T,特種東海製紙
3710.T,ジョルダン
3712.T,情報企画
3719.T,ＡＩストーム
3723.T,日本ファルコム
3726.T,フォーシーズＨＤ
3727.T,アプリックス
3733.T,ソフトウェア・サービス
3741.T,セック
3744.T,サイオス
3747.T,インタートレード
3750.T,ＡＤＲ１２０Ｓ
3753.T,フライトソリューションズ
3758.T,アエリア
3760.T,ケイブ
3762.T,テクマトリックス
3763.T,プロシップ
3765.T,ガンホー・オンライン・エンターテイメント
3766.T,システムズ・デザイン
3768.T,リスクモンスター
3769.T,ＧＭＯペイメントゲートウェイ
3771.T,システムリサーチ
3772.T,ウェルス・マネジメント
3773.T,アドバンスト・メディア
3774.T,インターネットイニシアティブ
3776.T,ブロードバンドタワー
3777.T,環境フレンドリーホールディングス
3778.T,さくらインターネット
3779.T,ジェイ・エスコムホールディングス
3787.T,テクノマセマティカル
3788.T,ＧＭＯグローバルサイン・ホールディングス
3791.T,ＩＧポート
3793.T,ドリコム
3796.T,いい生活
3798.T,ＵＬＳグループ
3799.T,キーウェアソリューションズ
3800.T,ユニリタ
3802.T,エコミック
3803.T,イメージ情報開発
3804.T,システム　ディ
3807.T,フィスコ
3810.T,サイバーステップホールディングス
3815.T,メディア工房
3816.T,大和コンピューター
3817.T,ＳＲＡホールディングス
3823.T,ＴＨＥ　ＷＨＹ　ＨＯＷ　ＤＯ　ＣＯＭＰＡＮＹ
3825.T,リミックスポイント
3826.T,システムインテグレータ
3834.T,朝日ネット
3835.T,ｅＢＡＳＥ
3836.T,アバントグループ
3837.T,アドソル日進
3839.T,ＯＤＫソリューションズ
3840.T,パス
3841.T,ジーダット
3842.T,ネクストジェン
3843.T,フリービット
3844.T,コムチュア
3845.T,アイフリークモバイル
3848.T,データ・アプリケーション
3850.T,エヌ・ティ・ティ・データ・イントラマート
3851.T,日本一ソフトウェア
3853.T,アステリア
3854.T,アイル
3856.T,Ａｂａｌａｎｃｅ
3858.T,ユビキタスＡＩ
3861.T,王子ホールディングス
3863.T,日本製紙
3864.T,三菱製紙
3865.T,北越コーポレーション
3877.T,中越パルプ工業
3878.T,巴川コーポレーション
3880.T,大王製紙
3891.T,ニッポン高度紙工業
3892.T,岡山製紙
3895.T,ハビックス
3896.T,阿波製紙
3900.T,クラウドワークス
3901.T,マークラインズ
3903.T,ｇｕｍｉ
3904.T,カヤック
3905.T,データセクション
3907.T,シリコンスタジオ
3908.T,コラボス
3909.T,ショーケース
3910.T,エムケイシステム
3911.T,Ａｉｍｉｎｇ
3912.T,モバイルファクトリー
3913.T,ＧｒｅｅｎＢｅｅ
3914.T,ＪＩＧ－ＳＡＷ
3915.T,テラスカイ
3916.T,デジタル・インフォメーション・テクノロジー
3917.T,アイリッジ
3918.T,ＰＣＩホールディングス
3920.T,アイビーシー
3921.T,ネオジャパン
3922.T,ＰＲ　ＴＩＭＥＳ
3923.T,ラクス
3925.T,ダブルスタンダード
3926.T,オープンドア
3927.T,フーバーブレイン
3928.T,マイネット
3929.T,ソーシャルワイヤー
3930.T,はてな
3931.T,バリューゴルフ
3932.T,アカツキ
3933.T,チエル
3934.T,ベネフィットジャパン
3935.T,エディア
3936.T,グローバルウェイ
3937.T,Ｕｂｉｃｏｍホールディングス
3939.T,カナミックネットワーク
3940.T,ノムラシステムコーポレーション
3941.T,レンゴー
3943.T,大石産業
3944.T,古林紙工
3945.T,スーパーバッグ
3946.T,トーモク
3947.T,ダイナパック
3948.T,光ビジネスフォーム
3950.T,ザ・パック
3951.T,朝日印刷
3953.T,大村紙業
3954.T,昭和パックス
3955.T,イムラ
3958.T,笹徳印刷
3962.T,チェンジホールディングス
3963.T,シンクロ・フード
3964.T,オークネット
3965.T,キャピタル・アセット・プランニング
3967.T,エルテス
3968.T,セグエグループ
3969.T,エイトレッド
3970.T,イノベーション
3974.T,ＳＣＡＴ
3976.T,シャノン
3979.T,うるる
3981.T,ビーグリー
3983.T,オロ
3984.T,ユーザーローカル
3985.T,テモナ
3986.T,ビーブレイクシステムズ
3987.T,エコモット
3988.T,ＳＹＳホールディングス
3989.T,シェアリングテクノロジー
3991.T,ウォンテッドリー
3992.T,ニーズウェル
3993.T,ＰＫＳＨＡ　Ｔｅｃｈｎｏｌｏｇｙ
3994.T,マネーフォワード
3996.T,サインポスト
3997.T,トレードワークス
3998.T,すららネット
4004.T,レゾナック・ホールディングス
4005.T,住友化学
4008.T,住友精化
4011.T,ヘッドウォータース
4012.T,アクシス
4013.T,勤次郎
4014.T,カラダノート
4015.T,ペイクラウドホールディングス
4016.T,ＭＩＴホールディングス
4017.T,クリーマ
4019.T,スタメン
4020.T,ビートレンド
4021.T,日産化学
4022.T,ラサ工業
4023.T,クレハ
4025.T,多木化学
4026.T,神島化学工業
4027.T,テイカ
4028.T,石原産業
4031.T,片倉コープアグリ
4040.T,南海化学
4041.T,日本曹達
4042.T,東ソー
4043.T,トクヤマ
4044.T,セントラル硝子
4045.T,東亞合成
4046.T,大阪ソーダ
4047.T,関東電化工業
4051.T,ＧＭＯフィナンシャルゲート
4052.T,フィーチャ
4053.T,Ｓｕｎ　Ａｓｔｅｒｉｓｋ
4054.T,日本情報クリエイト
4055.T,ティアンドエスグループ
4056.T,ニューラルグループ
4057.T,インターファクトリー
4058.T,トヨクモ
4059.T,まぐまぐ
4060.T,ｒａｋｕｍｏ
4061.T,デンカ
4062.T,イビデン
4063.T,信越化学工業
4064.T,日本カーバイド工業
4068.T,ベイシス
4069.T,ＢｌｕｅＭｅｍｅ
4071.T,プラスアルファ・コンサルティング
4072.T,電算システムホールディングス
4073.T,ジィ・シィ企画
4074.T,ラキール
4075.T,ブレインズテクノロジー
4076.T,シイエヌエス
4078.T,堺化学工業
4082.T,第一稀元素化学工業
4088.T,エア・ウォーター
4091.T,日本酸素ホールディングス
4092.T,日本化学工業
4093.T,東邦アセチレン
4094.T,日本化学産業
4095.T,日本パーカライジング
4097.T,高圧ガス工業
4098.T,チタン工業
4099.T,四国化成ホールディングス
4100.T,戸田工業
4102.T,丸尾カルシウム
4107.T,伊勢化学工業
4109.T,ステラ　ケミファ
4112.T,保土谷化学工業
4113.T,田岡化学工業
4114.T,日本触媒
4116.T,大日精化工業
4118.T,カネカ
4119.T,日本ピグメントホールディングス
4120.T,スガイ化学工業
4124.T,大阪油化工業
4125.T,三和油化工業
4151.T,協和キリン
4165.T,プレイド
4166.T,かっこ
4167.T,ココペリ
4168.T,ヤプリ
4169.T,ＥＮＥＣＨＡＮＧＥ
4170.T,Ｋａｉｚｅｎ　Ｐｌａｔｆｏｒｍ
4172.T,Ｈｉクラテス
4174.T,アピリッツ
4175.T,ｃｏｌｙ
4176.T,ココナラ
4177.T,ｉ‐ｐｌｕｇ
4178.T,Ｓｈａｒｉｎｇ　Ｉｎｎｏｖａｔｉｏｎｓ
4179.T,ジーネクスト
4180.T,Ａｐｐｉｅｒ　Ｇｒｏｕｐ
4182.T,三菱瓦斯化学
4183.T,三井化学
4186.T,東京応化工業
4187.T,大阪有機化学工業
4188.T,三菱ケミカルグループ
4189.T,ＫＨネオケム
4192.T,スパイダープラス
4193.T,ファブリカホールディングス
4194.T,ビジョナル
4196.T,ネオマーケティング
4197.T,アスマーク
4198.T,テンダ
4199.T,ワンダープラネット
4202.T,ダイセル
4203.T,住友ベークライト
4204.T,積水化学工業
4205.T,日本ゼオン
4206.T,アイカ工業
4208.T,ＵＢＥ
4212.T,積水樹脂
4216.T,旭有機材
4218.T,ニチバン
4220.T,リケンテクノス
4221.T,大倉工業
4222.T,児玉化学工業
4224.T,ロンシール工業
4228.T,積水化成品工業
4229.T,群栄化学工業
4231.T,タイガースポリマー
4234.T,サンエー化研
4235.T,ウルトラファブリックス・ホールディングス
4237.T,フジプレアム
4238.T,ミライアル
4240.T,クラスターテクノロジー
4241.T,アテクト
4242.T,タカギセイコー
4243.T,ニックス
4245.T,ダイキアクシス
4246.T,ダイキョーニシカワ
4247.T,ポバール興業
4248.T,竹本容器
4249.T,森六
4251.T,恵和
4255.T,ＴＨＥＣＯＯ
4256.T,サインド
4258.T,網屋
4259.T,エクサウィザーズ
4260.T,ハイブリッドテクノロジーズ
4261.T,アジアクエスト
4262.T,ニフティライフスタイル
4263.T,サスメド
4264.T,セキュア
4265.T,Ｉｎｓｔｉｔｕｔｉｏｎ　ｆｏｒ　ａ　Ｇｌｏｂａｌ　Ｓｏｃｉｅｔｙ
4270.T,ＢｅｅＸ
4272.T,日本化薬
4274.T,細谷火工
4275.T,カーリット
4284.T,ソルクシーズ
4286.T,ＣＬホールディングス
4287.T,ジャストプランニング
4288.T,アズジェント
4290.T,プレステージ・インターナショナル
4293.T,セプテーニ・ホールディングス
4299.T,ハイマックス
4301.T,アミューズ
4307.T,野村総合研究所
4308.T,Ｊストリーム
4310.T,ドリームインキュベータ
4316.T,ビーマップ
4317.T,レイ
4318.T,クイック
4320.T,ＣＥホールディングス
4323.T,日本システム技術
4324.T,電通グループ
4326.T,インテージホールディングス
4331.T,テイクアンドギヴ・ニーズ
4334.T,ユークス
4335.T,ＩＰＳホールディングス
4337.T,ぴあ
4341.T,西菱電機
4343.T,イオンファンタジー
4344.T,ソースネクスト
4345.T,シーティーエス
4346.T,ＮＥＸＹＺ．Ｇｒｏｕｐ
4347.T,ブロードメディア
4350.T,メディカルシステムネットワーク
4351.T,山田再生系債権回収総合事務所
4356.T,応用技術
4360.T,マナック・ケミカル・パートナーズ
4361.T,川口化学工業
4362.T,日本精化
4365.T,松本油脂製薬
4366.T,ダイトーケミックス
4368.T,扶桑化学工業
4369.T,トリケミカル研究所
4370.T,モビルス
4371.T,コアコンセプト・テクノロジー
4372.T,ユミルリンク
4373.T,シンプレクス・ホールディングス
4374.T,ＲＯＢＯＴ　ＰＡＹＭＥＮＴ
4375.T,セーフィー
4376.T,くふうカンパニーホールディングス
4377.T,ワンキャリア
4378.T,ＣＩＮＣ
4379.T,Ｐｈｏｔｏｓｙｎｔｈ
4380.T,Ｍマート
4381.T,ビープラッツ
4382.T,ＨＥＲＯＺ
4385.T,メルカリ
4386.T,ＳＩＧグループ
4387.T,ＺＵＵ
4388.T,エーアイ
4389.T,プロパティデータバンク
4390.T,ＩＰＳ
4391.T,ロジザード
4392.T,ＦＩＧ
4393.T,バンク・オブ・イノベーション
4394.T,エクスモーション
4395.T,アクリート
4396.T,システムサポートホールディングス
4397.T,チームスピリット
4398.T,ブロードバンドセキュリティ
4401.T,ＡＤＥＫＡ
4403.T,日油
4404.T,ミヨシ油脂
4406.T,新日本理化
4409.T,東邦化学工業
4410.T,ハリマ化成グループ
4412.T,サイエンスアーツ
4413.T,ボードルア
4414.T,フレクト
4415.T,ブロードエンタープライズ
4416.T,Ｔｒｕｅ　Ｄａｔａ
4417.T,グローバルセキュリティエキスパート
4418.T,ＪＤＳＣ
4419.T,Ｆｉｎａｔｅｘｔホールディングス
4420.T,イーソル
4421.T,ディ・アイ・システム
4422.T,ＶＡＬＵＥＮＥＸ
4424.T,Ａｍａｚｉａ
4425.T,Ｋｕｄａｎ
4426.T,パスロジ
4427.T,ＥｄｕＬａｂ
4428.T,シノプス
4429.T,リックソフト
4430.T,東海ソフト
4431.T,スマレジ
4432.T,ウイングアーク１ｓｔ
4433.T,ヒト・コミュニケーションズ・ホールディングス
4434.T,サーバーワークス
4436.T,ミンカブ・ジ・インフォノイド
4437.T,ｇｏｏｄｄａｙｓホールディングス
4438.T,Ｗｅｌｂｙ
4439.T,東名
4440.T,ヴィッツ
4441.T,トビラシステムズ
4442.T,バルテス・ホールディングス
4443.T,Ｓａｎｓａｎ
4444.T,インフォネット
4445.T,リビン・テクノロジーズ
4446.T,Ｌｉｎｋ－Ｕグループ
4447.T,ピー・ビーシステムズ
4448.T,ｋｕｂｅｌｌ
4450.T,パワーソリューションズ
4452.T,花王
4461.T,第一工業製薬
4462.T,石原ケミカル
4463.T,日華化学
4464.T,ソフト９９コーポレーション
4465.T,ニイタカ
4471.T,三洋化成工業
4475.T,ＨＥＮＮＧＥ
4476.T,ＡＩ　ＣＲＯＳＳ
4477.T,ＢＡＳＥ
4478.T,フリー
4479.T,マクアケ
4480.T,メドレー
4481.T,ベース
4482.T,ウィルズ
4483.T,ＪＭＤＣ
4484.T,ランサーズ
4486.T,ユナイトアンドグロウ
4487.T,スペースマーケット
4488.T,ＡＩ　ｉｎｓｉｄｅ
4490.T,ビザスク
4491.T,コンピューターマネージメント
4492.T,ゼネテック
4493.T,サイバーセキュリティクラウド
4495.T,アイキューブドシステムズ
4496.T,コマースＯｎｅホールディングス
4498.T,サイバートラスト
4499.T,Ｓｐｅｅｅ
4502.T,武田薬品工業
4503.T,アステラス製薬
4506.T,住友ファーマ
4507.T,塩野義製薬
4512.T,わかもと製薬
4516.T,日本新薬
4519.T,中外製薬
4521.T,科研製薬
4523.T,エーザイ
4524.T,森下仁丹
4526.T,理研ビタミン
4527.T,ロート製薬
4528.T,小野薬品工業
4531.T,有機合成薬品工業
4534.T,持田製薬
4536.T,参天製薬
4538.T,扶桑薬品工業
4539.T,日本ケミファ
4540.T,ツムラ
4543.T,テルモ
4544.T,Ｈ．Ｕ．グループホールディングス
4547.T,キッセイ薬品工業
4548.T,生化学工業
4549.T,栄研化学
4552.T,ＪＣＲファーマ
4553.T,東和薬品
4554.T,富士製薬工業
4558.T,中京医薬品
4559.T,ゼリア新薬工業
4563.T,アンジェス
4564.T,オンコセラピー・サイエンス
4565.T,ネクセラファーマ
4568.T,第一三共
4569.T,杏林製薬
4570.T,免疫生物研究所
4571.T,ＮＡＮＯホールディングス
4572.T,カルナバイオサイエンス
4574.T,大幸薬品
4575.T,キャンバス
4576.T,デ・ウエスタン・セラピテクス研究所
4577.T,ダイト
4578.T,大塚ホールディングス
4579.T,ラクオリア創薬
4582.T,シンバイオ製薬
4583.T,カイオム・バイオサイエンス
4584.T,キッズウェル・バイオ
4586.T,メドレックス
4587.T,ペプチドリーム
4588.T,オンコリスバイオファーマ
4591.T,リボミック
4592.T,サンバイオ
4593.T,ヘリオス
4594.T,ブライトパス・バイオ
4595.T,ミズホメディー
4596.T,窪田製薬ホールディングス
4597.T,ソレイジア・ファーマ
4598.T,Ｄｅｌｔａ－Ｆｌｙ　Ｐｈａｒｍａ
4599.T,ステムリム
4611.T,大日本塗料
4612.T,日本ペイントホールディングス
4613.T,関西ペイント
4615.T,神東塗料
4616.T,川上塗料
4617.T,中国塗料
4619.T,日本特殊塗料
4620.T,藤倉化成
4623.T,アサヒペン
4624.T,イサム塗料
4625.T,アトミクス
4626.T,太陽ホールディングス
4627.T,ナトコ
4628.T,エスケー化研
4629.T,大伸化学
4631.T,ＤＩＣ
4633.T,サカタインクス
4634.T,ａｒｔｉｅｎｃｅ
4635.T,東京インキ
4641.T,アルプス技研
4642.T,オリジナル設計
4644.T,イマジニア
4645.T,市進ホールディングス
4650.T,ＳＤエンターテイメント
4651.T,サニックスホールディングス
4657.T,環境管理センター
4658.T,日本空調サービス
4661.T,オリエンタルランド
4662.T,フォーカスシステムズ
4664.T,アール・エス・シー
4666.T,パーク２４
4667.T,アイサンテクノロジー
4668.T,明光ネットワークジャパン
4671.T,ファルコホールディングス
4673.T,川崎地質
4674.T,クレスコ
4676.T,フジ・メディア・ホールディングス
4678.T,秀英予備校
4679.T,田谷
4680.T,ラウンドワン
4681.T,リゾートトラスト
4684.T,オービック
4685.T,菱友システムズ
4686.T,ジャストシステム
4687.T,ＴＤＣソフト
4689.T,ＬＩＮＥヤフー
4691.T,ワシントンホテル
4694.T,ビー・エム・エル
4704.T,トレンドマイクロ
4705.T,クリップコーポレーション
4707.T,キタック
4709.T,ＩＤホールディングス
4712.T,ＫｅｙＨｏｌｄｅｒ
4714.T,リソー教育グループ
4716.T,日本オラクル
4718.T,早稲田アカデミー
4719.T,アルファシステムズ
4720.T,城南進学研究社
4722.T,フューチャー
4725.T,ＣＡＣ　Ｈｏｌｄｉｎｇｓ
4728.T,トーセ
4732.T,ユー・エス・エス
4733.T,オービックビジネスコンサルタント
4735.T,京進
4736.T,日本ラッド
4743.T,アイティフォー
4746.T,東計電算
4750.T,ダイサン
4751.T,サイバーエージェント
4752.T,昭和システムエンジニアリング
4754.T,トスネット
4755.T,楽天グループ
4760.T,アルファ
4761.T,さくらケーシーエス
4762.T,エックスネット
4763.T,クリーク・アンド・リバー社
4765.T,ＳＢＩグローバルアセットマネジメント
4766.T,ピーエイ
4767.T,テー・オー・ダブリュー
4768.T,大塚商会
4769.T,ＩＣ
4771.T,エフアンドエム
4772.T,ＳＭ　ＥＮＴＥＲＴＡＩＮＭＥＮＴ　ＪＡＰＡＮ
4776.T,サイボウズ
4777.T,ガーラ
4783.T,ＮＣＤ
4784.T,ＧＭＯインターネット
4792.T,山田コンサルティンググループ
4800.T,オリコン
4801.T,セントラルスポーツ
4809.T,パラカ
4811.T,ドリーム・アーツ
4812.T,電通総研
4813.T,ＡＣＣＥＳＳ
4814.T,ネクストウェア
4816.T,東映アニメーション
4819.T,デジタルガレージ
4820.T,イーエムシステムズ
4825.T,ウェザーニューズ
4826.T,ＣＩＪ
4828.T,ビジネスエンジニアリング
4829.T,日本エンタープライズ
4832.T,ＪＦＥシステムズ
4833.T,Ｄｅｆ　ｃｏｎｓｕｌｔｉｎｇ
4838.T,スペースシャワーＳＫＩＹＡＫＩホールディングス
4839.T,ＷＯＷＯＷ
4840.T,トライアイズ
4845.T,スカラ
4847.T,インテリジェント　ウェイブ
4848.T,フルキャストホールディングス
4849.T,エン
4875.T,メディシノバ・インク
4880.T,セルソース
4881.T,ファンペップ
4882.T,ペルセウスプロテオミクス
4883.T,モダリス
4884.T,クリングルファーマ
4885.T,室町ケミカル
4886.T,あすか製薬ホールディングス
4887.T,サワイグループホールディングス
4888.T,ステラファーマ
4889.T,レナサイエンス
4890.T,坪田ラボ
4891.T,ティムス
4892.T,サイフューズ
4893.T,ノイルイミューン・バイオテック
4894.T,クオリプス
4896.T,ケイファーマ
4901.T,富士フイルムホールディングス
4902.T,コニカミノルタ
4911.T,資生堂
4912.T,ライオン
4914.T,高砂香料工業
4918.T,アイビー化粧品
4919.T,ミルボン
4920.T,日本色材工業研究所
4922.T,コーセーホールディングス
4923.T,コタ
4925.T,ハーバー研究所
4926.T,シーボン
4927.T,ポーラ・オルビスホールディングス
4928.T,ノエビアホールディングス
4929.T,アジュバンホールディングス
4931.T,新日本製薬
4932.T,アルマード
4933.T,Ｉ－ｎｅ
4934.T,プレミアアンチエイジング
4935.T,リベルタ
4936.T,アクシージア
4937.T,Ｗａｑｏｏ
4951.T,エステー
4956.T,コニシ
4958.T,長谷川香料
4960.T,ケミプロ化成
4966.T,上村工業
4967.T,小林製薬
4968.T,荒川化学工業
4970.T,東洋合成工業
4971.T,メック
4972.T,綜研化学
4973.T,日本高純度化学
4975.T,ＪＣＵ
4976.T,東洋ドライルーブ
4977.T,新田ゼラチン
4978.T,リプロセル
4979.T,ＯＡＴアグリオ
4980.T,デクセリアルズ
4985.T,アース製薬
4990.T,昭和化学工業
4992.T,北興化学工業
4994.T,大成ラミックグループ
4996.T,クミアイ化学工業
4997.T,日本農薬
4998.T,フマキラー
5010.T,日本精蝋
5011.T,ニチレキグループ
5013.T,ユシロ
5015.T,ビーピー・カストロール
5016.T,ＪＸ金属
5018.T,ＭＯＲＥＳＣＯ
5019.T,出光興産
5020.T,ＥＮＥＯＳホールディングス
5021.T,コスモエネルギーホールディングス
5025.T,マーキュリー
5026.T,トリプルアイズ
5027.T,ＡｎｙＭｉｎｄ　Ｇｒｏｕｐ
5028.T,セカンドサイトアナリティカ
5029.T,サークレイス
5031.T,モイ
5032.T,ＡＮＹＣＯＬＯＲ
5033.T,ヌーラボ
5034.T,ｕｎｅｒｒｙ
5035.T,ＨＯＵＳＥＩ
5036.T,日本ビジネスシステムズ
5038.T,ｅＷｅＬＬ
5071.T,ヴィス
5074.T,テスホールディングス
5076.T,インフロニア・ホールディングス
5078.T,セレコーポレーション
5079.T,ノバック
5101.T,横浜ゴム
5105.T,ＴＯＹＯ　ＴＩＲＥ
5108.T,ブリヂストン
5110.T,住友ゴム工業
5121.T,藤倉コンポジット
5122.T,オカモト
5125.T,ファインズ
5126.T,ポーターズ
5129.T,ＦＩＸＥＲ
5132.T,ｐｌｕｓｚｅｒｏ
5133.T,テリロジーホールディングス
5139.T,オープンワーク
5142.T,アキレス
5161.T,西川ゴム工業
5186.T,ニッタ
5187.T,クリエートメディック
5189.T,櫻護謨
5192.T,三ツ星ベルト
5194.T,相模ゴム工業
5195.T,バンドー化学
5199.T,不二ラテックス
5201.T,ＡＧＣ
5204.T,石塚硝子
5210.T,日本山村硝子
5218.T,オハラ
5233.T,太平洋セメント
5242.T,アイズ
5244.T,ｊｉｇ．ｊｐ
5246.T,ＥＬＥＭＥＮＴＳ
5247.T,ＢＴＭ
5248.T,テクノロジーズ
5249.T,あさかわシステムズ
5254.T,Ａｒｅｎｔ
5255.T,モンスターラボ
5256.T,Ｆｕｓｉｃ
5257.T,ノバシステム
5261.T,リソルホールディングス
5268.T,旭コンクリート工業
5269.T,日本コンクリート工業
5273.T,三谷セキサン
5279.T,日本興業
5282.T,ジオスター
5283.T,高見澤
5287.T,イトーヨーギョー
5301.T,東海カーボン
5302.T,日本カーボン
5304.T,ＳＥＣカーボン
5331.T,ノリタケ
5332.T,ＴＯＴＯ
5333.T,日本碍子
5337.T,ダントーホールディングス
5341.T,ＡＳＡＨＩ　ＥＩＴＯホールディングス
5351.T,品川リフラ
5356.T,美濃窯業
5363.T,東京窯業
5367.T,ニッカトー
5368.T,日本インシュレーション
5380.T,新東
5388.T,クニミネ工業
5406.T,神戸製鋼所
5408.T,中山製鋼所
5410.T,合同製鐵
5411.T,ＪＦＥホールディングス
5446.T,北越メタル
5449.T,大阪製鐵
5451.T,ヨドコウ
5458.T,高砂鐵工
5461.T,中部鋼鈑
5463.T,丸一鋼管
5464.T,モリ工業
5471.T,大同特殊鋼
5480.T,日本冶金工業
5491.T,日本金属
5532.T,リアルゲイト
5534.T,エンゼルグループ
5541.T,大平洋金属
5542.T,新報国マテリアル
5571.T,エキサイトホールディングス
5580.T,プロディライト
5581.T,カイテクノロジー
5586.T,Ｌａｂｏｒｏ．ＡＩ
5587.T,インバウンドプラットフォーム
5591.T,ＡＶＩＬＥＮ
5594.T,エム・デー・ビー
5598.T,Ｙｏｔｔａｖｉａｓ
5599.T,Ｓ＆Ｊ
5602.T,栗本鐵工所
5603.T,虹技
5612.T,日本鋳鉄管
5617.T,ウィル・ドゥ
5618.T,ナイル
5620.T,エスピーオー
5622.T,ワンビ
5632.T,三菱製鋼
5644.T,メタルアート
5658.T,日亜鋼業
5697.T,サンユウ
5699.T,イボキン
5703.T,日本軽金属ホールディングス
5704.T,ＪＭＣ
5707.T,東邦亜鉛
5715.T,古河機械金属
5724.T,アサカ理研
5742.T,エヌアイシ・オートテック
5753.T,日本伸銅
5801.T,古河電気工業
5802.T,住友電気工業
5803.T,フジクラ
5816.T,オーナンバ
5819.T,カナレ電気
5820.T,三ッ星
5821.T,平河ヒューテック
5830.T,いよぎんホールディングス
5831.T,しずおかフィナンシャルグループ
5832.T,ちゅうぎんフィナンシャルグループ
5838.T,楽天銀行
5840.T,日本総険
5842.T,インテグラル
5843.T,ニッポンインシュア
5845.T,全保連
5852.T,アーレスティ
5857.T,ＡＲＥホールディングス
5858.T,ＳＴＧ
5868.T,ロココ
5870.T,ナルネットコミュニケーションズ
5884.T,クラダシ
5890.T,オフィスバスターズ
5891.T,魁力屋
5892.T,ｙｕｔｏｒｉ
5893.T,ＲＡＶＩＰＡ
5900.T,ダイケン
5901.T,東洋製罐グループホールディングス
5906.T,エムケー精工
5915.T,駒井ハルテック
5921.T,川岸工業
5923.T,高田機工
5928.T,アルメタックス
5930.T,文化シヤッター
5932.T,三協立山
5940.T,不二サッシ
5941.T,中西製作所
5943.T,ノーリツ
5951.T,ダイニチ工業
5958.T,三洋工業
5959.T,岡部
5966.T,京都機械工具
5967.T,ＴＯＮＥ
5969.T,ロブテックス
5970.T,ジーテクト
5971.T,共和工業所
5973.T,トーアミ
5976.T,高周波熱錬
5981.T,東京製綱
5982.T,マルゼン
5985.T,サンコール
5986.T,モリテック　スチール
5988.T,パイオラックス
5989.T,エイチワン
5990.T,スーパーツール
5994.T,ファインシンター
5997.T,協立エアテック
5998.T,アドバネクス
6016.T,ジャパンエンジンコーポレーション
6018.T,阪神内燃機工業
6029.T,アトラグループ
6031.T,ＺＥＴＡ
6036.T,ＫｅｅＰｅｒ技研
6040.T,日本スキー場開発
6044.T,三機サービス
6045.T,レントラックス
6054.T,リブセンス
6058.T,ベクトル
6061.T,ユニバーサル園芸社
6071.T,ＩＢＪ
6074.T,ジェイエスエス
6080.T,Ｍ＆Ａキャピタルパートナーズ
6083.T,ＥＲＩホールディングス
6085.T,アーキテクツ・スタジオ・ジャパン
6086.T,シンメンテホールディングス
6088.T,シグマクシス・ホールディングス
6090.T,ヒューマン・メタボローム・テクノロジーズ
6091.T,ウエスコホールディングス
6092.T,エンバイオ・ホールディングス
6094.T,フリークアウト・ホールディングス
6099.T,エラン
6101.T,ツガミ
6103.T,オークマ
6104.T,芝浦機械
6118.T,アイダエンジニアリング
6125.T,岡本工作機械製作所
6135.T,牧野フライス製作所
6143.T,ソディック
6146.T,ディスコ
6150.T,タケダ機械
6157.T,日進工具
6161.T,エスティック
6165.T,パンチ工業
6167.T,冨士ダイス
6171.T,土木管理総合試験所
6177.T,ＡｐｐＢａｎｋ
6180.T,ＧＭＯメディア
6183.T,ベルシステム２４ホールディングス
6189.T,グローバルキッズＣＯＭＰＡＮＹ
6196.T,ストライク
6198.T,キャリア
6208.T,石川製作所
6217.T,津田駒工業
6218.T,エンシュウ
6222.T,島精機製作所
6223.T,西部技研
6226.T,守谷輸送機工業
6228.T,ジェイ・イー・ティ
6229.T,オーケーエム
6231.T,木村工機
6232.T,ＡＣＳＬ
6233.T,ＫＬＡＳＳ
6235.T,オプトラン
6239.T,ナガオカ
6240.T,ヤマシンフィルタ
6247.T,日阪製作所
6250.T,やまびこ
6255.T,エヌ・ピー・シー
6262.T,ＰＥＧＡＳＵＳ
6264.T,マルマエ
6273.T,ＳＭＣ
6289.T,技研製作所
6291.T,日本エアーテック
6305.T,日立建機
6325.T,タカキタ
6326.T,クボタ
6327.T,北川精機
6330.T,東洋エンジニアリング
6331.T,三菱化工機
6333.T,帝国電機製作所
6339.T,新東工業
6356.T,日本ギア工業
6357.T,三精テクノロジーズ
6361.T,荏原製作所
6364.T,ＡＩＲＭＡＮ
6369.T,トーヨーカネツ
6371.T,椿本チエイン
6376.T,日機装
6378.T,木村化工機
6380.T,オリエンタルチエン工業
6382.T,トリニティ工業
6383.T,ダイフク
6384.T,昭和真空
6391.T,加地テック
6392.T,ヤマダコーポレーション
6405.T,鈴茂器工
6413.T,理想科学工業
6417.T,ＳＡＮＫＹＯ
6424.T,高見沢サイバネティックス
6428.T,オーイズミ
6432.T,竹内製作所
6433.T,ヒーハイスト
6440.T,ＪＵＫＩ
6445.T,ジャノメ
6457.T,グローリー
6458.T,新晃工業
6460.T,セガサミーホールディングス
6463.T,ＴＰＲ
6464.T,ツバキ・ナカシマ
6466.T,ＴＶＥ
6467.T,ニチダイ
6470.T,大豊工業
6480.T,日本トムソン
6486.T,イーグル工業
6495.T,宮入バルブ製作所
6503.T,三菱電機
6505.T,東洋電機製造
6506.T,安川電機
6522.T,アスタリスク
6523.T,ＰＨＣホールディングス
6524.T,湖北工業
6525.T,ＫＯＫＵＳＡＩ　ＥＬＥＣＴＲＩＣ
6532.T,ベイカレント
6537.T,ＷＡＳＨハウス
6544.T,ジャパンエレベーターサービスホールディングス
6546.T,フルテック
6547.T,グリーンズ
6549.T,ディーエムソリューションズ
6552.T,ＧａｍｅＷｉｔｈ
6555.T,ＭＳ＆Ｃｏｎｓｕｌｔｉｎｇ
6560.T,エル・ティー・エス
6562.T,ジーニー
6564.T,ミダックホールディングス
6568.T,神戸天然物化学
6570.T,共和コーポレーション
6571.T,キュービーネットホールディングス
6592.T,マブチモーター
6626.T,ＳＥＭＩＴＥＣ
6634.T,ネクスグループ
6651.T,日東工業
6965.T,浜松ホトニクス
7284.T,盟和産業
7287.T,日本精機
7291.T,日本プラスト
7297.T,カーメイト
7305.T,新家工業
7314.T,小田原機器
7320.T,Ｓｏｌｖｖｙ
7337.T,ひろぎんホールディングス
7345.T,アイ・パートナーズフィナンシャル
7353.T,ＫＩＹＯラーニング
7354.T,ダイレクトマーケティングミックス
7356.T,Ｒｅｔｔｙ
7359.T,東京通信グループ
7360.T,オンデック
7366.T,ＬＩＴＡＬＩＣＯ
7372.T,デコルテ・ホールディングス
7374.T,コンフィデンス・インターワークス
7375.T,リファインバースグループ
7377.T,ＤＮホールディングス
7380.T,十六フィナンシャルグループ
7383.T,ネットプロテクションズホールディングス
7388.T,ＦＰパートナー
7389.T,あいちフィナンシャルグループ
7419.T,ノジマ
7421.T,カッパ・クリエイト
7422.T,東邦レマック
7425.T,初穂商事
7426.T,山大
7427.T,エコートレーディング
7433.T,伯東
7438.T,コンドーテック
7456.T,松田産業
7461.T,キムラ
7462.T,ＣＡＰＩＴＡ
7463.T,アドヴァングループ
7464.T,セフテック
7466.T,ＳＰＫ
7472.T,鳥羽洋行
7476.T,アズワン
7477.T,ムラキ
7480.T,スズデン
7481.T,尾家産業
7483.T,ドウシシャ
7490.T,日新商事
7494.T,コナカ
7501.T,ティムコ
7502.T,プラザホールディングス
7504.T,高速
7508.T,Ｇ‐７ホールディングス
7516.T,コーナン商事
7523.T,アールビバン
7561.T,ハークスレイ
7638.T,ＮＥＷ　ＡＲＴ　ＨＯＬＤＩＮＧＳ
7702.T,ＪＭＳ
7716.T,ナカニシ
7719.T,東京衡機
7734.T,理研計器
7777.T,スリー・ディー・マトリックス
7794.T,イーディーピー
7805.T,プリントネット
7813.T,プラッツ
7826.T,フルヤ金属
7839.T,ＳＨＯＥＩ
7864.T,フジシールインターナショナル
7867.T,タカラトミー
7911.T,ＴＯＰＰＡＮホールディングス
7914.T,共同印刷
7917.T,ＺＡＣＲＯＳ
7918.T,ヴィア・ホールディングス
7980.T,重松製作所
8053.T,住友商事
8060.T,キヤノンマーケティングジャパン
8081.T,カナデン
8084.T,ＲＹＯＤＥＮ
8089.T,ナイス
8097.T,三愛オブリ
8101.T,ＧＳＩクレオス
8117.T,中央自動車工業
8130.T,サンゲツ
8132.T,シナネンホールディングス
8144.T,デンキョーグループホールディングス
8163.T,ＳＲＳホールディングス
8165.T,千趣会
8200.T,リンガーハット
8226.T,理経
8233.T,高島屋
8254.T,さいか屋
8285.T,三谷産業
8334.T,群馬銀行
8337.T,千葉興業銀行
8360.T,山梨中央銀行
8364.T,清水銀行
8367.T,南都銀行
8370.T,紀陽銀行
8377.T,ほくほくフィナンシャルグループ
8383.T,鳥取銀行
8386.T,百十四銀行
8395.T,佐賀銀行
8416.T,高知銀行
8424.T,芙蓉総合リース
8508.T,Ｊトラスト
8537.T,大光銀行
8562.T,福島銀行
8570.T,イオンフィナンシャルサービス
8572.T,アコム
8595.T,ジャフコ　グループ
8600.T,トモニホールディングス
8614.T,東洋証券
8630.T,ＳＯＭＰＯホールディングス
8697.T,日本取引所グループ
8698.T,マネックスグループ
8704.T,トレイダーズホールディングス
8705.T,日産証券グループ
8707.T,岩井コスモホールディングス
8708.T,アイザワ証券グループ
8713.T,フィデアホールディングス
8715.T,アニコム　ホールディングス
8725.T,ＭＳ＆ＡＤインシュアランスグループホールディングス
8766.T,東京海上ホールディングス
8771.T,イー・ギャランティ
8795.T,Ｔ＆Ｄホールディングス
8803.T,平和不動産
8818.T,京阪神ビルディング
8841.T,テーオーシー
8848.T,レオパレス２１
8850.T,スターツコーポレーション
8860.T,フジ住宅
8864.T,空港施設
8869.T,明和地所
8877.T,エスリード
8887.T,シーラホールディングス
8894.T,ＲＥＶＯＬＵＴＩＯＮ
8919.T,カチタス
8946.T,ＡＳＩＡＮ　ＳＴＡＲ
8996.T,ハウスフリーダム
9008.T,京王電鉄
9010.T,富士急行
9017.T,新潟交通
9021.T,西日本旅客鉄道
9028.T,ゼロ
9034.T,南総通運
9036.T,東部ネットワーク
9051.T,センコン物流
9059.T,カンダホールディングス
9065.T,山九
9074.T,日本石油輸送
9076.T,セイノーホールディングス
9115.T,明海グループ
9119.T,飯野海運
9130.T,共栄タンカー
9142.T,九州旅客鉄道
9145.T,ビーイングホールディングス
9162.T,ブリーチ
9163.T,ナレルグループ
9165.T,クオルテック
9215.T,ＣａＳｙ
9216.T,ビーウィズ
9221.T,フルハシＥＰＯ
9222.T,ｍａｎａｂｙ
9235.T,売れるネット広告社グループ
9236.T,ジャパンＭ＆Ａソリューション
9237.T,笑美面
9240.T,デリバリーコンサルティング
9241.T,フューチャーリンクネットワーク
9243.T,富士テクノホールディングス
9245.T,リベロ
9251.T,ＡＢ＆Ｃｏｍｐａｎｙ
9253.T,スローガン
9254.T,ラバブルマーケティンググループ
9256.T,サクシード
9264.T,ポエック
9267.T,Ｇｅｎｋｙ　ＤｒｕｇＳｔｏｒｅｓ
9268.T,オプティマスグループ
9273.T,コーア商事ホールディングス
9274.T,ＫＰＰグループホールディングス
9279.T,ギフトホールディングス
9308.T,乾汽船
9312.T,ケイヒン
9319.T,中央倉庫
9322.T,川西倉庫
9335.T,テクノクリエイティブ
9336.T,大栄環境
9337.T,トリドリ
9339.T,コーチ・エィ
9340.T,アソインターナショナル
9344.T,アクシスコンサルティング
9345.T,ビズメイツ
9364.T,上組
9365.T,トレーディア
9368.T,キムラユニティー
9376.T,ユーラシア旅行社
9381.T,エーアイテイー
9399.T,ビート・ホールディングス・リミテッド
9405.T,朝日放送グループホールディングス
9408.T,ＢＳＮメディアホールディングス
9409.T,テレビ朝日ホールディングス
9412.T,スカパーＪＳＡＴホールディングス
9413.T,テレビ東京ホールディングス
9416.T,ビジョン
9418.T,Ｕ－ＮＥＸＴ　ＨＯＬＤＩＮＧＳ
9419.T,ワイヤレスゲート
9423.T,フォーバル・リアルストレート
9435.T,光通信
9436.T,沖縄セルラー電話
9438.T,エムティーアイ
9441.T,ベルパーク
9444.T,トーシンホールディングス
9445.T,フォーバルテレコム
9450.T,ファイバーゲート
9466.T,アイドママーケティングコミュニケーション
9467.T,アルファポリス
9476.T,中央経済社ホールディングス
9478.T,ＳＥホールディングス・アンド・インキュベーションズ
9501.T,東京電力ホールディングス
9504.T,中国電力
9506.T,東北電力
9509.T,北海道電力
9517.T,イーレックス
9533.T,東邦瓦斯
9534.T,北海道瓦斯
9537.T,北陸瓦斯
9551.T,メタウォーター
9552.T,クオンツ総研ホールディングス
9553.T,マイクロアド
9554.T,ＡＶｉＣ
9563.T,Ａｔｌａｓ　Ｔｅｃｈｎｏｌｏｇｉｅｓ
9564.T,ＦＣＥ
9601.T,松竹
9602.T,東宝
9605.T,東映
9610.T,ウィルソン・ラーニング　ワールドワイド
9622.T,スペース
9625.T,セレスポ
9627.T,アインホールディングス
9628.T,燦ホールディングス
9629.T,ピー・シー・エー
9632.T,スバル興業
9635.T,武蔵野興業
9639.T,三協フロンテア
9640.T,セゾンテクノロジー
9644.T,タナベコンサルティンググループ
9647.T,協和コンサルタンツ
9661.T,歌舞伎座
9678.T,カナモト
9682.T,ＤＴＳ
9687.T,ＫＳＫ
9692.T,シーイーシー
9697.T,カプコン
9698.T,クレオ
9699.T,ニシオホールディングス
9701.T,東京會舘
9702.T,アイ・エス・ビー
9708.T,帝国ホテル
9709.T,ＮＣＳ＆Ａ
9713.T,ロイヤルホテル
9715.T,トランス・コスモス
9723.T,京都ホテル
9733.T,ナガセ
9739.T,ＮＳＷ
9742.T,アイネス
9744.T,メイテックグループホールディングス
9759.T,ＮＳＤ
9761.T,東海リース
9763.T,丸建リース
9765.T,オオバ
9767.T,日建工学
9768.T,いであ
9769.T,学究社
9778.T,昴
9780.T,ハリマビステム
9782.T,ディーエムエス
9790.T,福井コンピュータホールディングス
9791.T,ビケンテクノ
9793.T,ダイセキ
9799.T,旭情報サービス
9812.T,テーオーホールディングス
9816.T,ストライダーズ
9818.T,大丸エナウィン
9820.T,エムティジェネックス
9823.T,マミーマートホールディングス
9827.T,リリカラ
9828.T,Ｇｅｎｋｉ　Ｇｌｏｂａｌ　Ｄｉｎｉｎｇ　Ｃｏｎｃｅｐｔｓ
9830.T,トラスコ中山
9831.T,ヤマダホールディングス
9832.T,オートバックスセブン
9835.T,ジュンテンドー
9837.T,モリト
9842.T,アークランズ
9843.T,ニトリホールディングス
9845.T,パーカーコーポレーション
9846.T,天満屋ストア
9849.T,共同紙販ホールディングス
9850.T,グルメ杵屋
9853.T,銀座ルノアール
9854.T,愛眼
9856.T,ケーユーホールディングス
9857.T,英和
9861.T,吉野家ホールディングス
9867.T,ソレキア
9869.T,加藤産業
9872.T,北恵
9876.T,コックス
9878.T,セキド
9880.T,イノテック
9882.T,イエローハット
9885.T,シャルレ
9887.T,松屋フーズホールディングス
9888.T,ＵＥＸ
9889.T,ＪＢＣＣホールディングス
9890.T,マキヤ
9895.T,コンセック
9896.T,ＪＫホールディングス
9900.T,サガミホールディングス
9902.T,日伝
9903.T,カンセキ
9904.T,ベリテ
9906.T,藤井産業
9908.T,日本電計
9913.T,日邦産業
9928.T,ミロク情報サービス
9929.T,平和紙業
9930.T,北沢産業
9932.T,杉本商事
9934.T,因幡電機産業
9936.T,王将フードサービス
9941.T,太洋物産
9946.T,ミニストップ
9948.T,アークス
9950.T,ハチバン
9955.T,ヨンキュウ
9956.T,バローホールディングス
9959.T,アシードホールディングス
9962.T,ミスミグループ本社
9972.T,アルテック
9974.T,ベルク
9976.T,セキチュー
9978.T,文教堂グループホールディングス
9979.T,大庄
9980.T,ＭＲＫホールディングス
9982.T,タキヒヨー
9983.T,ファーストリテイリング
9984.T,ソフトバンクグループ
9986.T,蔵王産業
9987.T,スズケン
9989.T,サンドラッグ
9990.T,サックスバー　ホールディングス
9991.T,ジェコス
9993.T,ヤマザワ
9994.T,やまや
9996.T,サトー商会
9997.T,ベルーナ
