date,ticker,name,score,close_at_trigger,ma200_slope_pct,revenue_growth_pct,roe_pct,status,return_7d,return_14d,return_30d,max_high_30d,max_dd_30d
2026-07-07,1518.T,三井松島ホールディングス,23.96,1558.0,0.548,6.6,11.108,completed,-0.51,-0.32,47.18,54.24,-4.24
2026-07-07,1879.T,新日本建設,16.38,2120.0,0.341,6.6,11.854,completed,-2.64,-2.08,5.19,5.28,-5.14
2026-07-07,1926.T,ライト工業,24.19,4100.0,0.628,10.3,13.916,completed,-5.98,-5.61,-9.39,1.71,-10.73
2026-07-07,1942.T,関電工,24.63,6808.0,1.286,6.5,16.758,completed,-9.69,-12.47,-16.51,2.92,-26.07
2026-07-07,1946.T,トーエネック,23.69,2281.0,1.167,10.6,12.293,completed,-8.68,-8.81,-6.27,2.32,-14.6
2026-07-07,1961.T,三機工業,25.41,2817.0,1.395,9.7,20.796,completed,-9.48,-11.64,-12.82,3.41,-24.49
2026-07-07,1975.T,朝日工業社,29.25,4670.0,1.051,23.9,19.896,completed,-10.81,-12.85,-14.88,4.07,-23.45
2026-07-07,2121.T,ＭＩＸＩ,20.01,2940.0,-0.285,23.5,8.928,completed,0.14,-1.12,9.35,15.65,-4.42
2026-07-07,2222.T,寿スピリッツ,29.73,2563.5,0.96,9.5,28.532,completed,2.34,-3.8,-0.92,3.94,-8.23
2026-07-07,2371.T,カカクコム,37.74,3570.0,0.904,16.0,29.622,completed,0.84,1.54,3.64,3.95,0.0
2026-07-07,2503.T,キリンホールディングス,22.67,2876.5,0.649,5.0,12.194,completed,-0.49,1.03,-1.62,9.89,-2.47
2026-07-07,2674.T,ハードオフコーポレーション,27.96,2682.0,1.112,26.9,13.054,completed,0.48,5.67,6.6,15.4,-2.54
2026-07-07,2782.T,セリア,16.81,3670.0,0.407,11.5,14.635,completed,-0.68,2.59,7.08,14.44,-3.13
2026-07-07,2801.T,キッコーマン,24.13,1678.5,0.637,11.1,11.459,completed,-2.41,-3.52,-5.03,5.93,-7.36
2026-07-07,2802.T,味の素,26.13,5831.0,1.123,10.5,17.503,completed,-3.0,-9.91,-8.54,5.39,-19.04
2026-07-07,2805.T,ヱスビー食品,24.86,5890.0,1.26,7.0,9.637,completed,-2.38,4.07,18.17,19.86,-4.92
2026-07-07,2914.T,日本たばこ産業,25.84,6219.0,0.718,11.7,13.618,completed,-1.66,3.84,9.74,16.06,-2.73
2026-07-07,3040.T,ソリトンシステムズ,18.89,2020.0,0.867,12.7,20.332,completed,-1.63,-1.04,-1.98,2.23,-7.18
2026-07-07,3093.T,トレジャー・ファクトリー,28.43,2272.0,0.595,14.6,27.658,completed,-5.9,-8.05,-9.77,2.68,-12.15
2026-07-07,3097.T,物語コーポレーション,20.32,5050.0,0.316,21.8,18.085,completed,-0.59,-0.4,6.53,9.7,-3.27
2026-07-07,3104.T,富士紡ホールディングス,18.33,4010.0,1.727,8.2,11.32,completed,-3.87,1.87,-2.37,6.86,-17.33
2026-07-07,3433.T,トーカロ,20.66,3105.0,1.228,10.8,15.684,completed,-2.74,-4.54,2.74,5.64,-16.04
2026-07-07,3569.T,セーレン,18.6,3360.0,0.246,17.5,10.252,completed,-4.32,-4.91,0.89,4.17,-6.55
2026-07-07,3663.T,セルシス,28.87,1924.0,0.22,16.8,27.963,completed,-0.83,-1.77,-6.65,9.88,-13.62
2026-07-07,3774.T,インターネットイニシアティブ,25.72,3468.0,0.557,9.8,16.188,completed,2.1,-0.72,0.78,5.05,-3.55
2026-07-07,3843.T,フリービット,18.26,1564.0,-0.037,10.5,27.856,completed,2.3,0.64,1.6,3.45,-3.13
2026-07-07,3932.T,アカツキ,20.2,2993.0,0.242,24.9,13.014,completed,-3.88,-3.41,1.74,4.58,-4.91
2026-07-07,3964.T,オークネット,21.75,1443.0,1.056,13.8,24.577,completed,-2.08,-1.59,1.87,5.75,-9.7
2026-07-07,4021.T,日産化学,30.11,8365.0,1.413,10.0,20.394,completed,-3.8,-5.77,-7.44,3.65,-13.81
2026-07-07,4051.T,ＧＭＯフィナンシャルゲート,29.4,6860.0,0.358,24.9,26.062,completed,0.29,-5.1,-2.48,3.64,-12.54
2026-07-07,4071.T,プラスアルファ・コンサルティング,31.44,2938.0,0.453,14.4,29.786,completed,-0.92,-21.2,-23.32,2.01,-25.32
2026-07-07,4151.T,協和キリン,25.61,2714.5,0.108,13.1,8.457,completed,-1.99,-3.22,-9.58,1.34,-10.76
2026-07-07,4187.T,大阪有機化学工業,20.18,5290.0,1.714,6.5,14.999,completed,-4.35,0.19,-2.08,4.73,-22.31
2026-07-07,4203.T,住友ベークライト,26.62,7223.0,1.15,11.3,8.806,completed,-1.27,-1.95,8.94,8.94,-18.68
2026-07-07,4272.T,日本化薬,18.14,2013.5,0.913,23.1,9.008,completed,-2.04,-1.39,0.74,1.61,-7.72
2026-07-07,4373.T,シンプレクス・ホールディングス,22.18,1066.0,-0.124,21.6,21.021,completed,-2.06,-1.59,0.28,13.7,-6.0
2026-07-07,4385.T,メルカリ,27.34,4512.0,1.486,22.3,32.965,completed,5.74,-2.11,-2.26,7.71,-7.73
2026-07-07,4401.T,ＡＤＥＫＡ,21.87,4189.0,0.613,8.1,8.769,completed,-0.02,-1.69,-2.58,2.65,-10.43
2026-07-07,4413.T,ボードルア,26.54,2966.0,-0.077,58.2,39.987,completed,8.56,0.44,-10.25,10.08,-12.2
2026-07-07,4452.T,花王,19.21,3301.0,-0.04,6.0,11.929,completed,-0.67,-2.15,-3.42,4.36,-4.88
2026-07-07,4543.T,テルモ,16.08,2324.0,-0.401,13.8,9.205,completed,-3.92,-5.38,-1.55,5.79,-8.22
2026-07-07,4732.T,ユー・エス・エス,28.43,1963.0,0.252,12.8,20.034,completed,1.15,0.53,-0.94,8.58,-2.27
2026-07-07,4825.T,ウェザーニューズ,18.38,2095.0,-0.253,5.4,17.187,completed,-3.91,-7.21,-6.44,1.1,-9.31
2026-07-07,4912.T,ライオン,18.35,1725.5,0.22,5.3,9.568,completed,-2.84,-3.13,-2.81,3.39,-4.67
2026-07-07,4919.T,ミルボン,23.11,2814.0,0.324,11.0,8.347,completed,-0.25,-0.36,-2.42,5.19,-3.62
2026-07-07,4966.T,上村工業,20.78,24150.0,2.224,25.8,12.52,completed,-0.54,-0.99,5.59,6.63,-19.17
2026-07-07,4972.T,綜研化学,22.3,3585.0,1.601,5.4,10.179,completed,-2.65,5.44,-7.25,7.67,-18.94
2026-07-07,4975.T,ＪＣＵ,19.99,6960.0,1.322,7.0,17.726,completed,-5.03,-7.33,-3.3,5.46,-22.7
2026-07-07,4992.T,北興化学工業,17.82,2050.0,0.804,5.8,9.056,completed,-4.29,-3.12,-4.49,4.29,-15.56
2026-07-07,5076.T,インフロニア・ホールディングス,26.81,2769.5,1.55,46.5,13.163,completed,0.67,2.4,-8.02,6.99,-9.88
2026-07-07,5101.T,横浜ゴム,26.56,7894.0,0.846,10.4,11.841,completed,-3.32,-2.41,-4.4,2.34,-9.89
2026-07-07,5108.T,ブリヂストン,21.73,3638.0,0.151,5.2,9.287,completed,0.25,3.6,7.75,14.18,-2.5
2026-07-07,5195.T,バンドー化学,23.68,2251.0,0.39,6.2,12.077,completed,-0.27,2.18,8.57,8.75,-2.22
2026-07-07,5208.T,有沢製作所,24.78,2495.0,1.397,26.4,10.066,completed,0.56,1.8,10.62,11.62,-9.86
2026-07-07,5302.T,日本カーボン,24.32,4875.0,0.461,11.3,8.35,completed,-4.62,-2.15,-0.21,2.97,-5.95
2026-07-07,5334.T,日本特殊陶業,29.13,10575.0,1.833,22.6,16.109,completed,-5.44,-7.8,-3.97,3.78,-17.21
2026-07-07,5393.T,ニチアス,20.41,3787.0,1.899,5.2,13.928,completed,-8.13,-12.57,-3.7,3.06,-17.9
2026-07-07,5830.T,いよぎんホールディングス,27.37,3322.0,1.178,355.9,8.838,completed,0.15,3.85,8.7,14.03,-5.57
2026-07-07,5844.T,京都フィナンシャルグループ,27.52,4719.0,1.292,248.3,8.716,completed,-0.4,-2.14,-0.89,3.62,-8.88
2026-07-07,5889.T,Ｊａｐａｎ　Ｅｙｅｗｅａｒ　Ｈｏｌｄｉｎｇｓ,29.54,2422.0,0.467,15.8,23.638,completed,-0.33,1.2,0.33,6.32,-4.75
2026-07-07,5981.T,東京製綱,15.24,1971.0,0.749,5.7,8.94,completed,0.66,-0.81,7.81,8.47,-5.12
2026-07-07,5989.T,エイチワン,18.64,1595.0,0.212,11.2,16.728,completed,0.44,0.06,-1.76,3.32,-5.96
2026-07-07,6013.T,タクマ,26.55,3650.0,1.375,15.7,12.42,completed,-6.03,-6.85,-4.93,2.47,-10.27
2026-07-07,6080.T,Ｍ＆Ａキャピタルパートナーズ,29.88,3625.0,0.346,82.5,14.276,completed,1.79,2.21,10.34,12.69,-2.34
2026-07-07,6098.T,リクルートホールディングス,29.41,12300.0,1.026,11.5,30.831,completed,2.93,0.04,3.41,8.29,-3.21
2026-07-07,6135.T,牧野フライス製作所,24.32,14830.0,0.828,8.6,8.607,completed,-0.27,-2.29,2.7,2.97,-14.9
2026-07-07,6136.T,オーエスジー,28.05,3875.0,1.862,12.8,9.29,completed,2.45,-3.2,2.97,8.98,-9.32
2026-07-07,6273.T,ＳＭＣ,25.71,72540.0,1.263,15.4,8.275,completed,0.17,-0.95,4.48,5.46,-13.37
2026-07-07,6326.T,クボタ,19.92,2778.5,1.018,13.7,8.871,completed,-1.44,-0.54,-5.61,3.94,-9.05
2026-07-07,6340.T,澁谷工業,24.74,4425.0,0.791,6.3,8.125,completed,-3.39,-2.6,1.81,3.28,-8.81
2026-07-07,6367.T,ダイキン工業,25.6,25980.0,0.948,16.4,9.262,completed,-4.16,-6.7,-14.3,1.77,-18.4
2026-07-07,6371.T,椿本チエイン,20.29,2640.0,0.552,19.1,10.541,completed,-1.48,-1.02,-0.95,2.23,-5.34
2026-07-07,6376.T,日機装,26.38,3825.0,2.856,14.6,9.738,completed,-1.05,3.66,6.27,8.89,-9.02
2026-07-07,6381.T,アネスト岩田,24.18,1752.0,0.363,13.9,11.365,completed,-0.8,0.23,6.74,8.16,-2.63
2026-07-07,6432.T,竹内製作所,20.01,7290.0,0.882,12.0,15.975,completed,-1.37,-0.14,8.78,9.05,-7.0
2026-07-07,6448.T,ブラザー工業,18.62,3732.0,1.005,6.7,8.583,completed,0.08,5.23,9.32,10.05,-1.8
2026-07-07,6465.T,ホシザキ,20.77,5723.0,0.002,14.7,10.029,completed,-3.69,-6.74,-2.08,3.16,-8.95
2026-07-07,6507.T,シンフォニアテクノロジー,26.91,15580.0,1.892,13.4,16.196,completed,-8.6,-10.59,-4.88,7.19,-25.99
2026-07-07,6544.T,ジャパンエレベーターサービスホールディングス,22.47,1862.5,-0.063,16.1,32.52,completed,-1.77,-10.04,-11.33,1.85,-12.97
2026-07-07,6586.T,マキタ,24.62,5929.0,0.507,13.1,8.202,completed,-5.58,-4.59,-8.35,1.6,-14.94
2026-07-07,6742.T,京三製作所,18.41,892.0,1.537,11.8,9.391,completed,-3.59,2.02,10.99,11.43,-9.87
2026-07-07,6750.T,エレコム,25.7,1800.0,0.019,20.2,21.157,completed,1.17,1.83,3.78,7.67,-1.67
2026-07-07,6754.T,アンリツ,16.87,4056.0,2.409,13.2,9.088,completed,-0.57,-3.01,-5.5,6.68,-17.55
2026-07-07,6785.T,鈴木,20.99,3205.0,1.263,24.9,14.161,completed,-1.56,-4.21,1.87,7.96,-16.44
2026-07-07,6806.T,ヒロセ電機,20.93,27490.0,1.193,21.6,8.859,completed,-1.87,2.4,0.2,4.58,-8.53
2026-07-07,6823.T,リオン,18.44,3560.0,0.992,7.6,10.1,completed,-1.83,-4.35,-3.37,3.51,-10.81
2026-07-07,6841.T,横河電機,24.14,5642.0,0.735,11.1,12.125,completed,-3.05,1.51,-6.03,6.74,-6.89
2026-07-07,6845.T,アズビル,26.6,1704.0,0.502,10.2,15.73,completed,-0.94,-3.7,0.59,2.55,-6.19
2026-07-07,6856.T,堀場製作所,20.98,26360.0,2.273,17.6,11.576,completed,3.09,3.05,5.41,9.96,-12.63
2026-07-07,6859.T,エスペック,18.07,4115.0,0.747,9.3,9.957,completed,-5.22,5.47,1.94,8.02,-10.94
2026-07-07,6861.T,キーエンス,29.63,78180.0,0.971,17.9,13.531,completed,-3.57,-7.76,11.77,12.04,-11.83
2026-07-07,6871.T,日本マイクロニクス,25.34,15160.0,2.942,25.8,24.231,completed,9.04,3.1,5.01,16.42,-28.63
2026-07-07,6877.T,ＯＢＡＲＡ　ＧＲＯＵＰ,20.02,6110.0,1.033,17.6,10.496,completed,0.16,-5.4,2.13,3.93,-12.6
2026-07-07,6914.T,オプテックスグループ,19.44,3975.0,2.053,21.3,13.075,completed,-6.04,-8.93,-5.16,4.4,-20.13
2026-07-07,6947.T,図研,17.72,4825.0,-0.06,6.9,13.297,completed,-3.01,-4.97,1.55,2.8,-7.25
2026-07-07,7199.T,プレミアグループ,23.95,2200.0,-0.017,41.2,27.462,completed,-4.91,-5.91,-2.86,1.73,-10.32
2026-07-07,7282.T,豊田合成,25.39,5167.0,0.944,15.9,11.326,completed,-3.7,-2.48,0.27,10.7,-7.37
2026-07-07,7296.T,エフ・シー・シー,22.07,3525.0,0.333,5.0,9.601,completed,-1.7,2.13,16.17,17.3,-1.84
2026-07-07,7733.T,オリンパス,14.95,1790.0,-0.08,8.5,8.719,completed,0.22,-3.58,0.95,5.45,-4.86
2026-07-07,7734.T,理研計器,19.2,3525.0,0.479,9.3,12.226,completed,-1.7,-4.54,5.67,5.67,-8.94
2026-07-07,7747.T,朝日インテック,28.13,3700.0,0.934,22.3,19.239,completed,-1.73,-7.7,-1.68,2.19,-9.38
2026-07-07,7762.T,シチズン時計,19.35,2223.0,2.212,19.3,11.017,completed,0.18,1.48,10.89,13.59,-11.16
2026-07-07,7839.T,ＳＨＯＥＩ,25.74,1828.0,0.033,11.4,21.74,completed,1.75,2.9,7.22,12.14,-1.53
2026-07-07,7864.T,フジシールインターナショナル,19.42,2952.0,0.098,5.2,13.477,completed,1.96,2.13,3.49,7.38,-0.98
2026-07-07,7979.T,松風,23.84,2093.0,0.241,10.4,10.711,completed,1.43,3.15,5.21,7.93,-3.63
2026-07-07,8035.T,東京エレクトロン,25.31,69470.0,3.324,8.6,29.27,completed,2.39,-5.05,-15.72,7.69,-30.07
2026-07-07,8117.T,中央自動車工業,27.57,2144.0,0.376,11.2,16.258,completed,-1.4,-1.73,0.0,2.29,-6.25
2026-07-07,8253.T,クレディセゾン,22.45,4701.0,0.535,8.8,8.373,completed,-2.79,0.26,-2.4,1.43,-7.32
2026-07-07,8341.T,七十七銀行,27.38,3495.0,1.524,24.1,8.533,completed,1.0,1.86,3.0,5.38,-6.67
2026-07-07,8387.T,四国銀行,30.32,3190.0,2.124,37.0,9.935,completed,-0.78,2.82,8.15,12.7,-4.39
2026-07-07,8439.T,東京センチュリー,22.51,2537.5,0.822,17.0,9.735,completed,3.61,5.54,-2.36,7.43,-4.04
2026-07-07,8591.T,オリックス,28.14,6418.0,1.368,28.0,10.418,completed,0.19,2.56,2.01,4.08,-4.72
2026-07-07,8604.T,野村ホールディングス,26.67,1535.0,0.945,27.5,10.07,completed,1.17,4.43,1.53,6.58,-5.18
2026-07-07,8609.T,岡三証券グループ,26.61,1013.0,1.111,32.5,9.727,completed,-0.2,5.03,9.08,15.1,-2.17
2026-07-07,8613.T,丸三証券,28.02,1095.0,0.451,30.3,9.975,completed,2.83,4.75,8.77,12.33,0.0
2026-07-07,8704.T,トレイダーズホールディングス,31.29,1245.0,0.697,33.9,22.762,completed,2.33,0.56,6.75,7.63,-5.86
2026-07-07,9202.T,ＡＮＡホールディングス,23.76,3164.0,0.165,18.4,12.94,completed,-3.82,-4.96,-0.41,1.8,-8.88
2026-07-07,9449.T,ＧＭＯインターネットグループ,18.24,3675.0,-0.202,14.1,18.714,completed,8.63,7.48,13.85,17.06,-0.65
2026-07-07,9824.T,泉州電業,18.18,6490.0,1.109,25.9,12.604,completed,-2.16,-4.47,3.7,4.78,-11.86
2026-07-07,9882.T,イエローハット,23.71,1815.0,0.253,11.5,9.79,completed,0.11,-0.66,-5.56,4.19,-6.01
2026-07-07,9962.T,ミスミグループ本社,27.68,3999.0,1.646,20.2,11.061,completed,-5.4,-7.2,-4.63,4.48,-15.1
2026-07-07,9983.T,ファーストリテイリング,29.08,87900.0,1.489,14.8,20.616,completed,-9.23,-10.6,-12.55,0.9,-14.18
2026-07-06,1926.T,ライト工業,24.32,4100.0,0.622,10.3,13.916,completed,-5.37,-5.0,-10.0,1.71,-10.73
2026-07-06,1942.T,関電工,25.08,6857.0,1.277,6.5,16.758,completed,-10.6,-13.39,-19.57,2.19,-26.6
2026-07-06,1975.T,朝日工業社,29.51,4580.0,1.031,23.9,19.896,completed,-9.72,-12.23,-18.34,6.11,-21.94
2026-07-06,2222.T,寿スピリッツ,30.21,2562.5,0.945,9.5,28.532,completed,3.57,-0.33,-0.23,3.98,-8.2
2026-07-06,2371.T,カカクコム,37.6,3577.0,0.861,16.0,29.622,completed,1.76,1.12,3.44,3.58,-1.15
2026-07-06,2503.T,キリンホールディングス,22.27,2849.0,0.655,5.0,12.194,completed,-0.6,2.54,0.25,10.95,-1.28
2026-07-06,2674.T,ハードオフコーポレーション,27.42,2600.0,1.118,26.9,13.054,completed,2.27,10.12,12.0,19.04,-0.77
2026-07-06,2801.T,キッコーマン,23.82,1657.5,0.651,11.1,11.459,completed,-1.84,-1.93,-4.89,7.27,-6.18
2026-07-06,2914.T,日本たばこ産業,25.53,6189.0,0.709,11.7,13.618,completed,-1.42,3.81,10.18,16.63,-2.26
2026-07-06,3104.T,富士紡ホールディングス,26.43,4300.0,1.789,8.2,11.32,completed,-10.23,-13.02,-15.12,6.4,-22.91
2026-07-06,3433.T,トーカロ,28.18,3305.0,1.264,10.8,15.684,completed,-8.77,-10.89,-9.23,1.82,-21.12
2026-07-06,3569.T,セーレン,24.49,3405.0,0.254,17.5,10.252,completed,-6.02,-6.46,-1.32,2.79,-7.78
2026-07-06,3774.T,インターネットイニシアティブ,29.28,3390.0,0.465,9.8,16.188,completed,3.98,4.45,2.71,7.46,-2.12
2026-07-06,4021.T,日産化学,29.99,8647.0,1.434,10.0,20.394,completed,-8.57,-8.48,-12.34,0.27,-16.62
2026-07-06,4051.T,ＧＭＯフィナンシャルゲート,28.9,6990.0,0.339,24.9,26.062,completed,-3.0,-6.15,-7.58,1.72,-14.16
2026-07-06,4071.T,プラスアルファ・コンサルティング,31.82,2944.0,0.393,14.4,29.786,completed,-2.85,-20.28,-23.68,1.8,-25.48
2026-07-06,4151.T,協和キリン,25.38,2735.5,0.081,13.1,8.457,completed,-3.86,-2.87,-10.36,0.57,-11.44
2026-07-06,4203.T,住友ベークライト,27.19,7349.0,1.191,11.3,8.806,completed,-4.27,-3.71,1.24,5.46,-20.07
2026-07-06,4385.T,メルカリ,27.4,4440.0,1.391,22.3,32.965,completed,6.13,2.86,-2.86,9.46,-6.24
2026-07-06,4419.T,Ｆｉｎａｔｅｘｔホールディングス,32.03,1482.0,0.476,50.2,15.955,completed,8.03,8.43,6.14,17.95,-3.17
2026-07-06,4732.T,ユー・エス・エス,28.62,1954.5,0.242,12.8,20.034,completed,1.1,2.2,0.79,9.06,-1.64
2026-07-06,4972.T,綜研化学,23.0,3540.0,1.593,5.4,10.179,completed,-0.28,1.69,-12.43,9.04,-17.91
2026-07-06,4992.T,北興化学工業,24.18,2094.0,0.842,5.8,9.056,completed,-4.97,-5.06,-9.98,3.34,-17.34
2026-07-06,5076.T,インフロニア・ホールディングス,26.6,2776.5,1.541,46.5,13.163,completed,0.97,2.43,-8.79,6.72,-10.1
2026-07-06,5101.T,横浜ゴム,27.14,7919.0,0.821,10.4,11.841,completed,-6.01,-1.01,-7.17,2.02,-10.18
2026-07-06,5208.T,有沢製作所,26.28,2675.0,1.447,26.4,10.066,completed,-7.96,-7.7,-4.41,4.64,-15.93
2026-07-06,5302.T,日本カーボン,24.19,4985.0,0.445,11.3,8.35,completed,-7.32,-6.02,-3.91,0.7,-8.02
2026-07-06,5334.T,日本特殊陶業,30.52,10800.0,1.867,22.6,16.109,completed,-5.14,-10.39,-8.56,4.31,-18.94
2026-07-06,5393.T,ニチアス,26.83,3850.0,1.942,5.2,13.928,completed,-8.39,-14.86,-9.77,3.38,-19.25
2026-07-06,5830.T,いよぎんホールディングス,27.65,3320.0,1.139,355.9,8.838,completed,-0.3,1.17,6.9,14.1,-5.51
2026-07-06,5844.T,京都フィナンシャルグループ,27.64,4805.0,1.264,248.3,8.716,completed,-3.02,-6.35,-4.81,1.77,-10.51
2026-07-06,5889.T,Ｊａｐａｎ　Ｅｙｅｗｅａｒ　Ｈｏｌｄｉｎｇｓ,29.92,2440.0,0.457,15.8,23.638,completed,-1.15,-1.15,0.49,5.53,-5.45
2026-07-06,6013.T,タクマ,26.58,3710.0,1.383,15.7,12.42,completed,-8.22,-8.76,-8.09,1.62,-11.73
2026-07-06,6080.T,Ｍ＆Ａキャピタルパートナーズ,31.06,3680.0,0.325,82.5,14.276,completed,-0.68,0.68,8.29,10.6,-3.8
2026-07-06,6098.T,リクルートホールディングス,36.12,11895.0,0.961,11.5,30.831,completed,3.83,8.62,4.37,11.98,-1.47
2026-07-06,6135.T,牧野フライス製作所,24.99,15100.0,0.845,8.6,8.607,completed,-1.85,-4.57,-1.46,2.05,-16.42
2026-07-06,6136.T,オーエスジー,28.15,4020.0,1.83,12.8,9.29,completed,0.95,-5.72,-8.26,5.05,-12.59
2026-07-06,6331.T,三菱化工機,29.63,3955.0,0.895,39.6,18.149,completed,-13.27,-17.7,-20.35,1.52,-25.74
2026-07-06,6340.T,澁谷工業,24.92,4575.0,0.779,6.3,8.125,completed,-5.79,-6.67,-3.61,1.42,-11.8
2026-07-06,6367.T,ダイキン工業,26.09,26150.0,0.923,16.4,9.262,completed,-4.44,-6.23,-9.12,1.11,-12.64
2026-07-06,6376.T,日機装,26.84,4070.0,2.932,14.6,9.738,completed,-11.43,1.23,-2.33,3.19,-14.5
2026-07-06,6381.T,アネスト岩田,24.61,1753.0,0.348,13.9,11.365,completed,-0.86,-0.63,7.02,8.1,-2.68
2026-07-06,6432.T,竹内製作所,26.55,7580.0,0.885,12.0,15.975,completed,-3.3,-5.41,0.4,2.77,-10.55
2026-07-06,6507.T,シンフォニアテクノロジー,28.48,16600.0,1.907,13.4,16.196,completed,-13.92,-16.51,-15.54,0.6,-30.54
2026-07-06,6586.T,マキタ,24.72,6029.0,0.51,13.1,8.202,completed,-7.98,-6.5,-12.26,0.48,-16.35
2026-07-06,6785.T,鈴木,28.25,3440.0,1.283,24.9,14.161,completed,-8.72,-9.59,-10.76,0.58,-22.15
2026-07-06,6841.T,横河電機,25.66,5854.0,0.74,11.1,12.125,completed,-4.73,-2.51,0.68,2.87,-9.02
2026-07-06,6845.T,アズビル,26.35,1742.0,0.509,10.2,15.73,completed,-3.56,-5.77,-4.1,0.95,-8.24
2026-07-06,6856.T,堀場製作所,28.67,27650.0,2.334,17.6,11.576,completed,-0.63,-2.73,-3.15,4.83,-16.71
2026-07-06,6861.T,キーエンス,30.83,80910.0,0.988,17.9,13.531,completed,-5.2,-11.06,2.46,3.23,-14.81
2026-07-06,7085.T,カーブスホールディングス,26.6,925.0,0.298,10.6,20.459,completed,-1.62,3.14,-0.11,8.32,-2.05
2026-07-06,7167.T,めぶきフィナンシャルグループ,26.6,1529.5,1.287,9.2,8.239,completed,0.13,-3.6,-2.16,3.66,-7.94
2026-07-06,7173.T,東京きらぼしフィナンシャルグループ,29.59,1780.0,1.86,40.3,10.661,completed,-5.06,-3.03,-4.16,3.82,-9.78
2026-07-06,7282.T,豊田合成,25.87,5291.0,0.961,15.9,11.326,completed,-6.69,-5.86,-4.29,8.11,-9.54
2026-07-06,7296.T,エフ・シー・シー,22.09,3525.0,0.329,5.0,9.601,completed,-1.84,1.42,7.8,11.21,-1.84
2026-07-06,7337.T,ひろぎんホールディングス,28.64,2228.0,1.179,32.2,8.151,completed,-0.99,-0.88,-2.63,6.06,-5.25
2026-07-06,7734.T,理研計器,26.17,3720.0,0.486,9.3,12.226,completed,-7.8,-9.41,-4.3,2.42,-13.71
2026-07-06,7762.T,シチズン時計,27.22,2395.0,2.302,19.3,11.017,completed,-7.1,-6.56,-1.54,2.55,-17.54
2026-07-06,7818.T,トランザクション,27.51,1382.0,0.402,7.4,21.416,completed,2.32,-8.1,-11.79,4.05,-15.12
2026-07-06,8050.T,セイコーグループ,26.19,7850.0,2.446,12.9,13.159,completed,-7.39,-2.29,13.38,13.76,-14.14
2026-07-06,8253.T,クレディセゾン,23.07,4633.0,0.511,8.8,8.373,completed,0.65,2.05,-2.46,2.91,-5.96
2026-07-06,8309.T,三井住友トラストグループ,28.42,6540.0,1.125,25.8,9.542,completed,-74.65,-74.26,-75.06,-73.26,-75.94
2026-07-06,8341.T,七十七銀行,27.68,3550.0,1.496,24.1,8.533,completed,-0.93,-1.49,-1.13,3.75,-8.11
2026-07-06,8377.T,ほくほくフィナンシャルグループ,29.11,7379.0,1.645,62.0,8.507,completed,2.75,0.38,3.44,9.64,-7.58
2026-07-06,8387.T,四国銀行,30.69,3155.0,2.097,37.0,9.935,completed,-0.32,2.54,6.02,13.95,-3.33
2026-07-06,8411.T,みずほフィナンシャルグループ,28.04,8195.0,1.342,16.7,11.439,completed,2.71,1.31,-0.78,7.58,-5.3
2026-07-06,8591.T,オリックス,28.3,6388.0,1.351,28.0,10.418,completed,0.05,1.78,-0.94,4.57,-4.27
2026-07-06,8601.T,大和証券グループ本社,26.41,1713.5,0.997,77.7,9.586,completed,3.71,7.79,3.03,10.1,-1.63
2026-07-06,8604.T,野村ホールディングス,26.43,1490.0,0.911,27.5,10.07,completed,3.52,6.48,1.68,9.8,-2.32
2026-07-06,8609.T,岡三証券グループ,26.57,1006.0,1.088,32.5,9.727,completed,0.5,4.17,8.55,15.9,-1.49
2026-07-06,8707.T,岩井コスモホールディングス,29.54,4125.0,1.174,54.3,14.709,completed,1.82,4.36,2.06,7.52,-4.12
2026-07-06,8725.T,ＭＳ＆ＡＤインシュアランスグループホールディングス,27.75,4552.0,0.7,12.5,18.159,completed,-2.66,4.13,4.17,11.45,-3.45
2026-07-06,8739.T,スパークス・グループ,29.01,2277.0,1.104,17.5,17.56,completed,-0.04,-0.44,5.97,8.26,-3.6
2026-07-06,8844.T,コスモスイニシア,26.79,1446.0,0.078,45.0,14.83,completed,-5.95,-2.63,-11.62,4.43,-11.83
2026-07-06,9433.T,ＫＤＤＩ,25.69,2737.5,0.23,8.8,14.006,completed,2.63,5.26,4.97,14.01,-1.68
2026-07-06,9882.T,イエローハット,24.17,1817.0,0.263,11.5,9.79,completed,-0.22,0.44,-5.34,4.07,-6.11
2026-07-06,9934.T,因幡電機産業,23.94,2799.5,0.743,12.7,12.646,completed,-3.38,-1.13,3.71,7.14,-3.98
2026-07-06,9962.T,ミスミグループ本社,28.41,4150.0,1.659,20.2,11.061,completed,-6.7,-10.29,-2.39,1.3,-18.19
2026-07-06,9983.T,ファーストリテイリング,29.01,86930.0,1.476,14.8,20.616,completed,-6.56,-7.01,-9.47,2.02,-13.22
2026-07-06,1518.T,三井松島ホールディングス,24.06,1557.0,0.531,6.6,11.108,completed,-1.28,-0.19,46.56,54.34,-4.17
2026-07-08,2805.T,ヱスビー食品,24.97,5940.0,1.341,7.0,9.637,completed,2.19,3.54,16.16,19.02,-3.87
2026-07-08,2914.T,日本たばこ産業,25.83,6202.0,0.734,11.7,13.618,completed,-1.48,2.69,13.35,16.38,-2.47
2026-07-08,3091.T,ブロンコビリー,23.68,2267.0,0.338,13.1,10.775,completed,0.0,8.2,13.85,28.28,-1.41
2026-07-08,3093.T,トレジャー・ファクトリー,29.25,2290.0,0.54,14.6,27.658,completed,-6.9,-9.74,-10.44,1.66,-12.84
2026-07-08,3097.T,物語コーポレーション,25.52,5110.0,0.35,21.8,18.085,completed,-1.37,-3.03,6.26,8.41,-4.4
2026-07-08,1518.T,三井松島ホールディングス,24.49,1543.0,0.537,6.6,11.108,completed,1.17,26.57,47.76,55.74,-3.31
2026-07-08,1926.T,ライト工業,26.28,4070.0,0.62,10.3,13.916,completed,-4.55,-5.65,-6.27,1.47,-10.07
2026-07-08,1975.T,朝日工業社,28.74,4560.0,1.058,23.9,19.896,completed,-5.92,-11.73,-13.49,3.62,-21.6
2026-07-08,2222.T,寿スピリッツ,29.82,2586.0,0.988,9.5,28.532,completed,0.54,-5.92,1.7,3.04,-9.03
2026-07-08,2371.T,カカクコム,31.03,3650.0,0.943,16.0,29.622,completed,-1.37,-0.41,1.67,1.78,-1.64
2026-07-08,2503.T,キリンホールディングス,22.67,2905.0,0.695,5.0,12.194,completed,-1.46,-0.38,0.76,8.81,-3.43
2026-07-08,2674.T,ハードオフコーポレーション,27.95,2742.0,1.143,26.9,13.054,completed,-0.95,2.26,2.55,12.87,-4.16
2026-07-08,2801.T,キッコーマン,23.8,1683.0,0.653,11.1,11.459,completed,-3.71,-4.63,5.17,7.07,-7.61
2026-07-09,1518.T,三井松島ホールディングス,24.48,1547.0,0.504,6.6,11.108,completed,0.06,44.86,47.71,55.33,-3.56
2026-07-09,1926.T,ライト工業,26.48,4045.0,0.609,10.3,13.916,completed,-3.96,-4.57,-5.19,1.61,-9.52
2026-07-09,1975.T,朝日工業社,27.92,4465.0,1.074,23.9,19.896,completed,-5.49,-7.61,-15.23,3.36,-19.93
2026-07-09,2222.T,寿スピリッツ,29.49,2561.0,0.997,9.5,28.532,completed,2.69,-4.96,1.87,4.04,-8.14
2026-07-09,2503.T,キリンホールディングス,22.66,2920.5,0.727,5.0,12.194,completed,-2.28,-0.43,4.02,8.23,-3.94
2026-07-09,2674.T,ハードオフコーポレーション,27.15,2715.0,1.159,26.9,13.054,completed,1.33,3.79,3.94,14.0,-3.2
2026-07-09,2801.T,キッコーマン,24.14,1658.5,0.657,11.1,11.459,completed,-1.6,-2.74,6.12,8.65,-6.24
2026-07-09,2805.T,ヱスビー食品,24.25,5870.0,1.403,7.0,9.637,completed,1.02,7.33,17.38,20.44,-2.73
2026-07-09,2914.T,日本たばこ産業,25.42,6186.0,0.738,11.7,13.618,completed,0.15,4.45,14.9,16.68,-2.21
2026-07-09,3091.T,ブロンコビリー,23.68,2286.0,0.34,13.1,10.775,completed,2.67,11.11,12.38,27.21,-2.23
2026-07-09,3093.T,トレジャー・ファクトリー,28.62,2248.0,0.489,14.6,27.658,completed,-6.09,-7.25,-9.92,2.27,-11.21
2026-07-09,3097.T,物語コーポレーション,25.41,5040.0,0.386,21.8,18.085,completed,0.79,-1.29,9.33,10.71,-3.08
2026-07-10,1926.T,ライト工業,24.36,4045.0,0.598,10.3,13.916,completed,-4.08,-3.58,-6.55,0.87,-9.52
2026-07-10,1975.T,朝日工業社,27.82,4450.0,1.062,23.9,19.896,completed,-10.9,-8.2,-16.07,3.03,-19.66
2026-07-10,2222.T,寿スピリッツ,29.35,2608.5,1.011,9.5,28.532,completed,-0.38,-3.66,1.28,2.15,-9.81
2026-07-10,2371.T,カカクコム,30.05,3630.0,0.969,16.0,29.622,completed,-0.41,1.4,2.48,3.0,-1.1
2026-07-10,2503.T,キリンホールディングス,22.96,2837.0,0.741,5.0,12.194,completed,2.54,4.62,5.38,11.42,-1.11
2026-07-10,2801.T,キッコーマン,26.05,1619.0,0.655,11.1,11.459,completed,2.96,1.08,9.51,11.3,-3.95
2026-07-10,2805.T,ヱスビー食品,24.06,5810.0,1.44,7.0,9.637,completed,2.93,5.51,18.93,21.69,-1.72
2026-07-10,2914.T,日本たばこ産業,25.51,6117.0,0.739,11.7,13.618,completed,3.76,6.77,15.99,18.0,-1.11
2026-07-10,3097.T,物語コーポレーション,25.33,4985.0,0.423,21.8,18.085,completed,4.31,3.31,9.13,11.94,-2.01
2026-07-13,2222.T,寿スピリッツ,29.81,2654.0,1.037,9.5,28.532,tracking,-3.77,-3.77,,0.4,-11.36
2026-07-13,2371.T,カカクコム,30.41,3640.0,0.976,16.0,29.622,tracking,-0.63,0.27,,2.72,-1.37
2026-07-13,2503.T,キリンホールディングス,22.95,2832.0,0.758,5.0,12.194,tracking,3.16,5.86,,11.62,-0.94
2026-07-13,2801.T,キッコーマン,24.08,1627.0,0.645,11.1,11.459,tracking,-0.09,2.77,,10.76,-4.43
2026-07-13,2805.T,ヱスビー食品,24.14,5810.0,1.436,7.0,9.637,tracking,4.82,5.34,,21.69,-1.72
2026-07-13,2914.T,日本たばこ産業,25.63,6101.0,0.73,11.7,13.618,tracking,5.31,8.97,,18.31,-0.85
2026-07-13,3097.T,物語コーポレーション,25.09,4995.0,0.432,21.8,18.085,tracking,2.7,3.9,,11.71,-2.2
2026-07-14,2371.T,カカクコム,30.55,3600.0,0.974,16.0,29.622,tracking,0.69,2.5,,3.86,-0.28
2026-07-14,2503.T,キリンホールディングス,23.22,2862.5,0.774,5.0,12.194,tracking,1.52,9.45,,10.43,-1.99
2026-07-14,2801.T,キッコーマン,24.22,1638.0,0.64,11.1,11.459,tracking,-1.13,6.72,,10.01,-5.07
2026-07-14,2805.T,ヱスビー食品,23.99,5750.0,1.412,7.0,9.637,tracking,6.61,2.96,,22.96,-0.7
2026-07-14,2914.T,日本たばこ産業,25.69,6116.0,0.722,11.7,13.618,tracking,5.59,10.87,,18.02,-0.51
2026-07-14,3097.T,物語コーポレーション,25.33,5020.0,0.43,21.8,18.085,tracking,0.2,7.57,,11.16,-2.69
2026-07-15,2222.T,寿スピリッツ,30.17,2600.0,1.051,9.5,28.532,tracking,-6.42,-2.35,,2.35,-9.52
2026-07-15,2371.T,カカクコム,30.29,3600.0,0.968,16.0,29.622,tracking,0.97,2.72,,3.86,-0.28
2026-07-15,2492.T,インフォマート,25.31,479.0,0.848,13.9,10.983,tracking,4.8,18.37,,27.14,-4.38
2026-07-15,2503.T,キリンホールディングス,23.16,2862.5,0.784,5.0,12.194,tracking,1.1,7.18,,10.43,-1.99
2026-07-15,2801.T,キッコーマン,26.58,1620.5,0.625,11.1,11.459,tracking,-0.96,6.11,,11.2,-4.04
2026-07-15,2805.T,ヱスビー食品,25.55,6070.0,1.431,7.0,9.637,tracking,1.32,-3.29,,16.47,-5.11
2026-07-15,2914.T,日本たばこ産業,25.71,6110.0,0.711,11.7,13.618,tracking,4.24,9.08,,18.13,-0.41
2026-07-15,3097.T,物語コーポレーション,25.42,5040.0,0.416,21.8,18.085,tracking,-1.69,6.35,,10.71,-3.08
2026-07-16,2222.T,寿スピリッツ,29.46,2630.0,1.065,9.5,28.532,tracking,-7.45,-3.31,,1.18,-10.55
2026-07-16,2371.T,カカクコム,31.56,3594.0,0.969,16.0,29.622,tracking,2.2,2.67,,4.03,-0.08
2026-07-16,2492.T,インフォマート,24.97,478.0,0.838,13.9,10.983,tracking,9.0,19.04,,27.41,-2.09
2026-07-16,2503.T,キリンホールディングス,22.82,2854.0,0.768,5.0,12.194,tracking,1.89,3.47,,10.76,-1.7
2026-07-16,2801.T,キッコーマン,24.41,1632.0,0.613,11.1,11.459,tracking,-1.16,0.95,,10.42,-4.72
2026-07-16,2805.T,ヱスビー食品,24.93,5930.0,1.44,7.0,9.637,tracking,6.24,11.3,,19.22,-2.87
2026-07-16,2914.T,日本たばこ産業,26.39,6195.0,0.708,11.7,13.618,tracking,4.29,15.17,,16.51,-1.29
2026-07-16,3097.T,物語コーポレーション,26.0,5080.0,0.417,21.8,18.085,tracking,-2.07,7.87,,9.84,-3.84
2026-07-17,2222.T,寿スピリッツ,29.84,2598.5,1.062,9.5,28.532,tracking,-3.29,-2.0,,2.41,-9.47
2026-07-17,2371.T,カカクコム,31.48,3615.0,0.974,16.0,29.622,tracking,1.83,2.07,,3.43,-0.55
2026-07-17,2492.T,インフォマート,25.26,489.0,0.838,13.9,10.983,tracking,12.47,6.75,,24.54,-1.43
2026-07-17,2503.T,キリンホールディングス,22.62,2909.0,0.784,5.0,12.194,tracking,2.03,0.05,,8.66,-3.56
2026-07-17,2801.T,キッコーマン,25.45,1667.0,0.635,11.1,11.459,tracking,-1.83,-2.82,,8.1,-6.72
2026-07-17,2805.T,ヱスビー食品,25.53,5980.0,1.468,7.0,9.637,tracking,2.51,12.04,,18.23,-3.68
2026-07-17,2914.T,日本たばこ産業,26.15,6347.0,0.726,11.7,13.618,tracking,2.9,10.18,,13.72,-1.69
2026-07-17,3097.T,物語コーポレーション,25.79,5200.0,0.426,21.8,18.085,tracking,-0.96,2.12,,7.31,-6.06
2026-07-21,2222.T,寿スピリッツ,29.29,2554.0,1.014,9.5,28.532,tracking,0.0,0.1,,4.19,-7.89
2026-07-21,2371.T,カカクコム,31.32,3617.0,0.982,16.0,29.622,tracking,0.91,2.29,,3.37,-0.28
2026-07-21,2503.T,キリンホールディングス,22.59,2921.5,0.797,5.0,12.194,tracking,2.62,-2.24,,8.2,-3.97
2026-07-21,2801.T,キッコーマン,26.8,1625.5,0.636,11.1,11.459,tracking,2.86,-3.01,,10.86,-4.34
2026-07-21,2805.T,ヱスビー食品,26.55,6090.0,1.504,7.0,9.637,tracking,0.49,11.49,,16.09,-5.42
2026-07-21,2914.T,日本たばこ産業,26.49,6425.0,0.752,11.7,13.618,tracking,3.47,6.13,,12.34,-1.71
2026-07-21,3097.T,物語コーポレーション,26.09,5130.0,0.43,21.8,18.085,tracking,1.17,4.29,,8.77,-4.78
2026-07-22,2371.T,カカクコム,30.38,3625.0,1.007,16.0,29.622,tracking,1.79,2.07,,3.14,-0.33
2026-07-22,2503.T,キリンホールディングス,22.75,2906.0,0.798,5.0,12.194,tracking,7.81,-2.62,,8.77,-3.46
2026-07-22,2805.T,ヱスビー食品,26.27,6130.0,1.544,7.0,9.637,tracking,-3.43,13.54,,15.33,-6.04
2026-07-22,2914.T,日本たばこ産業,26.64,6458.0,0.779,11.7,13.618,tracking,5.0,5.68,,11.77,-2.06
2026-07-23,2371.T,カカクコム,30.95,3635.0,1.032,16.0,29.622,tracking,1.73,2.09,,2.86,-0.41
2026-07-23,2503.T,キリンホールディングス,23.48,2894.0,0.791,5.0,12.194,tracking,6.01,1.14,,9.23,-3.06
2026-07-23,2805.T,ヱスビー食品,25.81,6150.0,1.545,7.0,9.637,tracking,-4.55,12.2,,14.96,-6.34
2026-07-23,2914.T,日本たばこ産業,26.67,6369.0,0.794,11.7,13.618,tracking,4.65,10.38,,13.33,-0.11
2026-07-23,3097.T,物語コーポレーション,25.85,4955.0,0.388,21.8,18.085,tracking,8.17,9.59,,12.61,-1.41
2026-07-27,2222.T,寿スピリッツ,30.75,2513.0,0.81,9.5,28.532,tracking,1.33,5.13,,5.89,-2.61
2026-07-27,2371.T,カカクコム,31.53,3681.0,1.091,16.0,29.622,tracking,0.24,1.06,,1.58,-0.84
2026-07-27,2503.T,キリンホールディングス,23.14,2968.0,0.812,5.0,12.194,tracking,-1.94,0.72,,6.5,-5.48
2026-07-27,2801.T,キッコーマン,26.42,1636.5,0.623,11.1,11.459,tracking,-1.01,8.34,,10.11,-4.98
2026-07-27,2805.T,ヱスビー食品,25.99,6130.0,1.577,7.0,9.637,tracking,9.3,12.72,,15.33,-6.04
2026-07-27,2914.T,日本たばこ産業,26.39,6531.0,0.81,11.7,13.618,tracking,7.07,8.64,,10.52,-1.0
2026-07-27,3097.T,物語コーポレーション,26.84,5150.0,0.354,21.8,18.085,tracking,3.11,5.63,,8.35,-2.72
2026-07-24,2371.T,カカクコム,30.99,3673.0,1.062,16.0,29.622,tracking,0.46,1.03,,1.8,-1.44
2026-07-24,2503.T,キリンホールディングス,22.73,2908.0,0.796,5.0,12.194,tracking,1.55,4.47,,8.7,-3.52
2026-07-24,2805.T,ヱスビー食品,26.73,6300.0,1.576,7.0,9.637,tracking,4.76,9.37,,12.22,-8.57
2026-07-24,2914.T,日本たばこ産業,26.28,6461.0,0.802,11.7,13.618,tracking,10.43,10.01,,11.72,-1.53
2026-07-24,3097.T,物語コーポレーション,25.78,4975.0,0.355,21.8,18.085,tracking,10.15,10.75,,12.16,-1.81
2026-07-28,2222.T,寿スピリッツ,31.07,2554.0,0.827,9.5,28.532,tracking,0.1,,,4.19,-3.76
2026-07-28,2371.T,カカクコム,30.98,3650.0,1.108,16.0,29.622,tracking,1.37,,,2.44,0.0
2026-07-28,2503.T,キリンホールディングス,23.31,2998.0,0.826,5.0,12.194,tracking,-4.74,,,5.44,-6.42
2026-07-28,2801.T,キッコーマン,23.9,1672.0,0.648,11.1,11.459,tracking,-5.71,,,7.78,-7.0
2026-07-28,2805.T,ヱスビー食品,25.85,6120.0,1.573,7.0,9.637,tracking,10.95,,,15.52,-5.88
2026-07-28,2914.T,日本たばこ産業,26.71,6648.0,0.82,11.7,13.618,tracking,2.57,,,8.57,-1.47
2026-07-28,3076.T,あい　ホールディングス,27.6,2849.0,0.083,31.3,12.386,tracking,-0.6,,,5.19,-1.72
2026-07-29,2222.T,寿スピリッツ,29.26,2559.5,0.864,9.5,28.532,tracking,-0.76,,,3.97,-3.97
2026-07-29,2371.T,カカクコム,31.39,3690.0,1.127,16.0,29.622,tracking,0.27,,,1.33,-0.81
2026-07-29,2503.T,キリンホールディングス,24.32,3133.0,0.878,5.0,12.194,tracking,-9.67,,,0.89,-10.45
2026-07-29,2801.T,キッコーマン,25.28,1748.0,0.712,11.1,11.459,tracking,-8.81,,,3.09,-11.04
2026-07-29,2805.T,ヱスビー食品,25.03,5920.0,1.561,7.0,9.637,tracking,17.57,,,19.43,-2.7
2026-07-30,2801.T,キッコーマン,25.53,1719.5,0.77,11.1,11.459,tracking,2.94,,,4.8,-9.57
2026-07-30,2914.T,日本たばこ産業,27.29,6665.0,0.875,11.7,13.618,tracking,5.48,,,8.3,-0.69
2026-07-31,2222.T,寿スピリッツ,31.34,2543.0,0.95,9.5,28.532,tracking,2.6,,,4.64,-3.34
2026-07-31,2371.T,カカクコム,30.97,3690.0,1.195,16.0,29.622,tracking,0.57,,,1.33,-0.22
2026-07-31,2503.T,キリンホールディングス,23.17,2953.0,0.955,5.0,12.194,tracking,2.88,,,3.89,-4.99
2026-07-31,2914.T,日本たばこ産業,29.26,7135.0,0.94,17.0,14.298,tracking,-0.38,,,1.16,-6.5
2026-07-31,3076.T,あい　ホールディングス,29.41,2950.0,0.251,31.3,12.386,tracking,0.78,,,1.59,-4.2
2026-07-31,3097.T,物語コーポレーション,27.63,5480.0,0.608,21.8,18.085,tracking,0.55,,,1.82,-4.93
2026-07-31,3563.T,ＦＯＯＤ　＆　ＬＩＦＥ　ＣＯＭＰＡＮＩＥＳ,26.73,5559.0,1.057,25.7,29.883,tracking,2.03,,,9.05,-2.45
2026-08-03,2222.T,寿スピリッツ,29.15,2546.5,0.953,9.5,28.532,tracking,3.75,,,4.5,-3.48
2026-08-03,2371.T,カカクコム,30.25,3690.0,1.199,16.0,29.622,tracking,0.81,,,1.33,-0.08
2026-08-03,2503.T,キリンホールディングス,25.06,2910.5,0.944,5.0,12.194,tracking,2.71,,,5.41,-3.61
2026-08-03,2782.T,セリア,28.18,4195.0,0.654,15.0,15.88,tracking,0.12,,,2.26,-7.51
2026-08-03,2805.T,ヱスビー食品,27.7,6700.0,1.66,8.8,10.857,tracking,3.13,,,5.52,-3.88
2026-08-03,2914.T,日本たばこ産業,29.0,6993.0,0.972,17.0,13.971,tracking,1.46,,,2.56,-4.6
2026-08-03,3076.T,あい　ホールディングス,28.42,2880.0,0.27,31.3,12.386,tracking,3.06,,,4.06,-1.88
2026-08-03,3097.T,物語コーポレーション,27.03,5310.0,0.633,21.8,18.085,tracking,2.45,,,5.08,-1.88
2026-08-04,2121.T,ＭＩＸＩ,27.06,3210.0,-0.038,50.3,10.924,tracking,,,,4.98,-2.02
2026-08-04,2222.T,寿スピリッツ,31.48,2556.5,0.953,9.5,28.532,tracking,,,,4.09,-3.85
2026-08-04,2371.T,カカクコム,30.62,3700.0,1.215,16.0,29.622,tracking,,,,1.05,-0.24
2026-08-04,2805.T,ヱスビー食品,27.96,6790.0,1.73,8.8,10.857,tracking,,,,4.12,-1.18
2026-08-04,2914.T,日本たばこ産業,27.28,6819.0,0.984,17.0,13.971,tracking,,,,5.18,-2.17
2026-08-04,3076.T,あい　ホールディングス,27.81,2832.0,0.274,31.3,12.386,tracking,,,,5.83,-0.18
2026-08-04,3097.T,物語コーポレーション,25.62,5350.0,0.656,21.8,18.085,tracking,,,,4.3,-2.62
2026-08-04,3563.T,ＦＯＯＤ　＆　ＬＩＦＥ　ＣＯＭＰＡＮＩＥＳ,25.87,5624.0,1.111,25.7,29.883,tracking,,,,7.79,-3.57
2026-08-04,3774.T,インターネットイニシアティブ,26.87,3482.0,0.897,9.8,16.188,tracking,,,,4.82,-1.98
2026-08-05,1939.T,四電工,24.4,2132.0,1.064,18.9,12.496,tracking,,,,0.33,-3.52
2026-08-05,2121.T,ＭＩＸＩ,28.11,3215.0,0.003,50.3,10.924,tracking,,,,4.82,-2.18
2026-08-05,2371.T,カカクコム,30.0,3700.0,1.223,16.0,29.622,tracking,,,,1.05,-0.24
2026-08-05,2492.T,インフォマート,28.53,575.0,1.477,8.3,10.783,tracking,,,,5.91,-3.65
2026-08-05,2805.T,ヱスビー食品,27.06,6960.0,1.833,8.8,10.857,tracking,,,,1.58,-3.45
2026-08-05,2914.T,日本たばこ産業,27.43,6825.0,0.98,17.0,13.971,tracking,,,,5.08,-2.26
2026-08-05,3076.T,あい　ホールディングス,28.41,2885.0,0.265,31.3,12.386,tracking,,,,3.88,-1.8
2026-08-05,3097.T,物語コーポレーション,25.89,5380.0,0.658,21.8,18.085,tracking,,,,3.72,-1.67
2026-08-05,3563.T,ＦＯＯＤ　＆　ＬＩＦＥ　ＣＯＭＰＡＮＩＥＳ,25.89,5901.0,1.161,25.7,29.883,tracking,,,,2.73,-7.17
2026-08-05,3774.T,インターネットイニシアティブ,26.64,3495.0,0.868,9.8,16.188,tracking,,,,4.43,-2.35
2026-08-05,3964.T,オークネット,27.86,1470.0,1.008,19.6,25.857,tracking,,,,3.81,-2.45
2026-08-05,4206.T,アイカ工業,32.88,3991.0,0.15,19.4,10.352,tracking,,,,6.19,-1.03
